Ticker,CreatedDate,Stock_Price,Quantity,Invested_Value,ESGScore,Climate
 OIL,4/14/2020,10.80000019,10000,108000.0019,0.396825397,Fossil
 OIL,5/19/2020,10.19999981,10000,101999.9981,0.396825397,Fossil
 OIL,6/10/2020,12.02000046,10000,120200.0046,0.396825397,Fossil
 OIL,7/16/2020,12.56999969,10000,125699.9969,0.396825397,Fossil
 OIL,8/11/2020,13.21000004,10000,132100.0004,0.396825397,Fossil
 OIL,9/28/2020,12.23999977,10000,122399.9977,0.396825397,Fossil
 OIL,11/11/2020,12.69999981,10000,126999.9981,0.396825397,Fossil
 OIL,1/21/2021,15.35999966,10000,153599.9966,0.396825397,Fossil
 OIL,3/3/2021,17.79999924,10000,177999.9924,0.396825397,Fossil
 OIL,4/1/2021,18.18000031,10000,181800.0031,0.396825397,Fossil
 OIL,5/3/2021,19.04000092,10000,190400.0092,0.396825397,Fossil
 OIL,7/15/2021,21.44000053,10000,214400.0053,0.396825397,Fossil
 OIL,8/9/2021,20.18000031,10000,201800.0031,0.396825397,Fossil
 OIL,9/2/2021,21.39999962,10000,213999.9962,0.396825397,Fossil
 OIL,10/19/2021,25.05999947,10000,250599.9947,0.396825397,Fossil
 OIL,12/14/2021,21.98999977,10000,219899.9977,0.396825397,Fossil
 OIL,1/25/2022,26.36000061,10000,263600.0061,0.396825397,Fossil
 OIL,2/16/2022,28.35000038,10000,283500.0038,0.396825397,Fossil
 OIL,3/16/2022,30.79999924,10000,307999.9924,0.396825397,Fossil
 OIL,4/11/2022,31.45999908,10000,314599.9908,0.396825397,Fossil
 OIL,7/15/2022,31.79000092,10000,317900.0092,0.396825397,Fossil
 OIL,8/8/2022,31.70000076,10000,317000.0076,0.396825397,Fossil
 OIL,9/14/2022,31.87999916,10000,318799.9916,0.396825397,Fossil
 OIL,10/19/2022,30.70000076,10000,307000.0076,0.396825397,Fossil
 OIL,11/9/2022,31.98999977,10000,319899.9977,0.396825397,Fossil
 OIL,12/16/2022,28.5,10000,285000,0.396825397,Fossil
 OIL,1/27/2023,31.17000008,10000,311700.0008,0.396825397,Fossil
 OIL,2/8/2023,29.86000061,10000,298600.0061,0.396825397,Fossil
 OIL,3/9/2023,29.63999939,10000,296399.9939,0.396825397,Fossil
 STNE,4/14/2020,25.64999962,10000,256499.9962,0,GenderEquality
 STNE,5/19/2020,25.18000031,10000,251800.0031,0,GenderEquality
 STNE,6/10/2020,39.13999939,10000,391399.9939,0,GenderEquality
 STNE,7/16/2020,40.59000015,10000,405900.0015,0,GenderEquality
 STNE,8/11/2020,55,10000,550000,0,GenderEquality
 STNE,9/28/2020,55,10000,550000,0,GenderEquality
 STNE,11/11/2020,65.58999634,10000,655899.9634,0,GenderEquality
 STNE,1/21/2021,84.19000244,10000,841900.0244,0,GenderEquality
 STNE,3/3/2021,87.59999847,10000,875999.9847,0,GenderEquality
 STNE,4/1/2021,64.94999695,10000,649499.9695,0,GenderEquality
 STNE,5/3/2021,65.75,10000,657500,0,GenderEquality
 STNE,7/15/2021,60.70000076,10000,607000.0076,0,GenderEquality
 STNE,8/9/2021,58.33000183,10000,583300.0183,0,GenderEquality
 STNE,9/2/2021,47.81999969,10000,478199.9969,0.396825397,GenderEquality
 STNE,10/19/2021,37.75,10000,377500,0.396825397,GenderEquality
 STNE,12/14/2021,17.25,10000,172500,0.396825397,GenderEquality
 STNE,1/25/2022,14.63000011,10000,146300.0011,0.396825397,GenderEquality
 STNE,2/16/2022,12.93999958,10000,129399.9958,0.396825397,GenderEquality
 STNE,3/16/2022,9.449999809,10000,94499.99809,0.396825397,GenderEquality
 STNE,4/11/2022,11.30000019,10000,113000.0019,0.396825397,GenderEquality
 STNE,7/15/2022,8.75,10000,87500,0.396825397,GenderEquality
 STNE,8/8/2022,12,10000,120000,0.396825397,GenderEquality
 STNE,9/14/2022,9.449999809,10000,94499.99809,0.396825397,GenderEquality
 STNE,10/19/2022,10.82999992,10000,108299.9992,0.396825397,GenderEquality
 STNE,11/9/2022,10.53999996,10000,105399.9996,0.396825397,GenderEquality
 STNE,12/16/2022,9.31000042,10000,93100.0042,0.396825397,GenderEquality
 STNE,1/27/2023,11.77000046,10000,117700.0046,0.396825397,GenderEquality
 STNE,2/8/2023,10.46000004,10000,104600.0004,0.396825397,GenderEquality
 STNE,3/9/2023,9.600000381,10000,96000.00381,0.396825397,GenderEquality
 CIHHF,4/14/2020,4.53000021,10000,45300.0021,0.396825397,"Fossil,GenderEquality"
 CIHHF,5/19/2020,4.679999828,10000,46799.99828,0.396825397,"Fossil,GenderEquality"
 CIHHF,6/10/2020,5.039999962,10000,50399.99962,0.396825397,"Fossil,GenderEquality"
 CIHHF,7/16/2020,5.090000153,10000,50900.00153,0.396825397,"Fossil,GenderEquality"
 CIHHF,8/11/2020,5.099999905,10000,50999.99905,0.396825397,"Fossil,GenderEquality"
 CIHHF,9/28/2020,4.960000038,10000,49600.00038,0,"Fossil,GenderEquality"
 CIHHF,11/11/2020,6.340000153,10000,63400.00153,0,"Fossil,GenderEquality"
 CIHHF,1/21/2021,8.090000153,10000,80900.00153,0,"Fossil,GenderEquality"
 CIHHF,3/3/2021,7.960000038,10000,79600.00038,0,"Fossil,GenderEquality"
 CIHHF,4/1/2021,8.289999962,10000,82899.99962,0,"Fossil,GenderEquality"
 CIHHF,5/3/2021,8,10000,80000,0,"Fossil,GenderEquality"
 CIHHF,7/15/2021,7.619999886,10000,76199.99886,0,"Fossil,GenderEquality"
 CIHHF,8/9/2021,8,10000,80000,0,"Fossil,GenderEquality"
 CIHHF,9/2/2021,8.260000229,10000,82600.00229,0,"Fossil,GenderEquality"
 CIHHF,10/19/2021,8.220000267,10000,82200.00267,0,"Fossil,GenderEquality"
 CIHHF,12/14/2021,8.220000267,10000,82200.00267,0,"Fossil,GenderEquality"
 CIHHF,1/25/2022,8.319999695,10000,83199.99695,0,"Fossil,GenderEquality"
 CIHHF,2/16/2022,8.319999695,10000,83199.99695,0,"Fossil,GenderEquality"
 CIHHF,3/16/2022,7.480000019,10000,74800.00019,0,"Fossil,GenderEquality"
 CIHHF,4/11/2022,7.690000057,10000,76900.00057,0,"Fossil,GenderEquality"
 CIHHF,7/15/2022,6.159999847,10000,61599.99847,0,"Fossil,GenderEquality"
 CIHHF,8/8/2022,5.300000191,10000,53000.00191,0,"Fossil,GenderEquality"
 CIHHF,9/14/2022,5.300000191,10000,53000.00191,0.793650794,"Fossil,GenderEquality"
 CIHHF,10/19/2022,4.53000021,10000,45300.0021,0.793650794,"Fossil,GenderEquality"
 CIHHF,11/9/2022,3.450000048,10000,34500.00048,0.793650794,"Fossil,GenderEquality"
 CIHHF,12/16/2022,5.429999828,10000,54299.99828,0.793650794,"Fossil,GenderEquality"
 CIHHF,1/27/2023,6.5,10000,65000,0.793650794,"Fossil,GenderEquality"
 CIHHF,2/8/2023,5.809999943,10000,58099.99943,0.793650794,"Fossil,GenderEquality"
 CIHHF,3/9/2023,5.079999924,10000,50799.99924,0.793650794,"Fossil,GenderEquality"
 NIO,4/14/2020,3.160000086,10000,31600.00086,0,"Fossil,GenderEquality"
 NIO,5/19/2020,3.75,10000,37500,0,"Fossil,GenderEquality"
 NIO,6/10/2020,6.949999809,10000,69499.99809,0,"Fossil,GenderEquality"
 NIO,7/16/2020,13.15999985,10000,131599.9985,0,"Fossil,GenderEquality"
 NIO,8/11/2020,15.44999981,10000,154499.9981,0,"Fossil,GenderEquality"
 NIO,9/28/2020,19.15999985,10000,191599.9985,0,"Fossil,GenderEquality"
 NIO,11/11/2020,43.22999954,10000,432299.9954,0,"Fossil,GenderEquality"
 NIO,1/21/2021,58.58000183,10000,585800.0183,0,"Fossil,GenderEquality"
 NIO,3/3/2021,45.08000183,10000,450800.0183,0,"Fossil,GenderEquality"
 NIO,4/1/2021,42.06000137,10000,420600.0137,0,"Fossil,GenderEquality"
 NIO,5/3/2021,41.45000076,10000,414500.0076,0.396825397,"Fossil,GenderEquality"
 NIO,7/15/2021,44.77000046,10000,447700.0046,0.396825397,"Fossil,GenderEquality"
 NIO,8/9/2021,45.47999954,10000,454799.9954,0.396825397,"Fossil,GenderEquality"
 NIO,9/2/2021,41.02000046,10000,410200.0046,0.396825397,"Fossil,GenderEquality"
 NIO,10/19/2021,40.90000153,10000,409000.0153,0.396825397,"Fossil,GenderEquality"
 NIO,12/14/2021,32.38000107,10000,323800.0107,0.396825397,"Fossil,GenderEquality"
 NIO,1/25/2022,25.01000023,10000,250100.0023,0.396825397,"Fossil,GenderEquality"
 NIO,2/16/2022,25.84000015,10000,258400.0015,0.396825397,"Fossil,GenderEquality"
 NIO,3/16/2022,18.77000046,10000,187700.0046,0.793650794,"Fossil,GenderEquality"
 NIO,4/11/2022,20.06999969,10000,200699.9969,0.793650794,"Fossil,GenderEquality"
 NIO,7/15/2022,20.89999962,10000,208999.9962,0.793650794,"Fossil,GenderEquality"
 NIO,8/8/2022,20.79000092,10000,207900.0092,0.793650794,"Fossil,GenderEquality"
 NIO,9/14/2022,22.09000015,10000,220900.0015,0.793650794,"Fossil,GenderEquality"
 NIO,10/19/2022,11.89999962,10000,118999.9962,0.793650794,"Fossil,GenderEquality"
 NIO,11/9/2022,10.18000031,10000,101800.0031,0.793650794,"Fossil,GenderEquality"
 NIO,12/16/2022,12.38000011,10000,123800.0011,0.793650794,"Fossil,GenderEquality"
 NIO,1/27/2023,13.22000027,10000,132200.0027,0.793650794,"Fossil,GenderEquality"
 NIO,2/8/2023,10.90999985,10000,109099.9985,0.793650794,"Fossil,GenderEquality"
 NIO,3/9/2023,9.170000076,10000,91700.00076,0.793650794,"Fossil,GenderEquality"
JKS,4/14/2020,17.71999931,10000,177199.9931,N/A,
JKS,5/19/2020,17.35000038,10000,173500.0038,N/A,
JKS,6/10/2020,18.55999947,10000,185599.9947,N/A,
JKS,7/16/2020,20.84000015,10000,208400.0015,N/A,
JKS,8/11/2020,21.14999962,10000,211499.9962,N/A,
JKS,9/28/2020,37.79000092,10000,377900.0092,N/A,
JKS,11/11/2020,68.73999786,10000,687399.9786,N/A,
JKS,1/21/2021,68.98000336,10000,689800.0336,N/A,
JKS,3/3/2021,52.18000031,10000,521800.0031,N/A,
JKS,4/1/2021,42.81000137,10000,428100.0137,N/A,
JKS,5/3/2021,37.74000168,10000,377400.0168,N/A,
JKS,7/15/2021,63,10000,630000,N/A,
JKS,8/9/2021,58.59000015,10000,585900.0015,N/A,
JKS,9/2/2021,55.99000168,10000,559900.0168,N/A,
JKS,10/19/2021,56.31999969,10000,563199.9969,N/A,
JKS,12/14/2021,45.81999969,10000,458199.9969,N/A,
JKS,1/25/2022,42.22000122,10000,422200.0122,N/A,
JKS,2/16/2022,44.86000061,10000,448600.0061,N/A,
JKS,3/16/2022,49.13000107,10000,491300.0107,N/A,
JKS,4/11/2022,50.83000183,10000,508300.0183,N/A,
JKS,7/15/2022,64.15000153,10000,641500.0153,N/A,
JKS,8/8/2022,62.86000061,10000,628600.0061,N/A,
JKS,9/14/2022,61.79999924,10000,617999.9924,N/A,
JKS,10/19/2022,46.16999817,10000,461699.9817,N/A,
JKS,11/9/2022,50.65000153,10000,506500.0153,N/A,
JKS,12/16/2022,55.22999954,10000,552299.9954,N/A,
JKS,1/27/2023,56.95000076,10000,569500.0076,N/A,
JKS,2/8/2023,55.45000076,10000,554500.0076,N/A,
JKS,3/9/2023,58.95999908,10000,589599.9908,N/A,
 WWNTF,4/14/2020,0.600000024,10000,6000.00024,0.396825397,GenderEquality
 WWNTF,5/19/2020,0.600000024,10000,6000.00024,0.396825397,GenderEquality
 WWNTF,6/10/2020,0.600000024,10000,6000.00024,0.396825397,GenderEquality
 WWNTF,7/16/2020,0.600000024,10000,6000.00024,0.396825397,GenderEquality
 WWNTF,8/11/2020,0.600000024,10000,6000.00024,0.396825397,GenderEquality
 WWNTF,9/28/2020,0.709999979,10000,7099.99979,0.396825397,GenderEquality
 WWNTF,11/11/2020,0.699999988,10000,6999.99988,0.396825397,GenderEquality
 WWNTF,1/21/2021,0.699999988,10000,6999.99988,0.396825397,GenderEquality
 WWNTF,3/3/2021,0.699999988,10000,6999.99988,0.396825397,GenderEquality
 WWNTF,4/1/2021,0.769999981,10000,7699.99981,0.396825397,GenderEquality
 WWNTF,5/3/2021,0.769999981,10000,7699.99981,0.396825397,GenderEquality
 WWNTF,7/15/2021,0.670000017,10000,6700.00017,0.396825397,GenderEquality
 WWNTF,8/9/2021,0.699999988,10000,6999.99988,0.396825397,GenderEquality
 WWNTF,9/2/2021,0.709999979,10000,7099.99979,0.396825397,GenderEquality
 WWNTF,10/19/2021,0.709999979,10000,7099.99979,0.396825397,GenderEquality
 WWNTF,12/14/2021,0.870000005,10000,8700.00005,0.396825397,GenderEquality
 WWNTF,1/25/2022,0.939999998,10000,9399.99998,0.396825397,GenderEquality
 WWNTF,2/16/2022,1.019999981,10000,10199.99981,0.396825397,GenderEquality
 WWNTF,3/16/2022,1.019999981,10000,10199.99981,0.396825397,GenderEquality
 WWNTF,4/11/2022,1.019999981,10000,10199.99981,0.396825397,GenderEquality
 WWNTF,7/15/2022,0.839999974,10000,8399.99974,0.396825397,GenderEquality
 WWNTF,8/8/2022,0.839999974,10000,8399.99974,0.396825397,GenderEquality
 WWNTF,9/14/2022,0.689999998,10000,6899.99998,0.396825397,GenderEquality
 WWNTF,10/19/2022,0.639999986,10000,6399.99986,0.396825397,GenderEquality
 WWNTF,11/9/2022,0.639999986,10000,6399.99986,0.396825397,GenderEquality
 WWNTF,12/16/2022,0.709999979,10000,7099.99979,0.396825397,GenderEquality
 WWNTF,1/27/2023,0.689999998,10000,6899.99998,0.396825397,GenderEquality
 WWNTF,2/8/2023,0.689999998,10000,6899.99998,0.396825397,GenderEquality
 WWNTF,3/9/2023,0.589999974,10000,5899.99974,0.396825397,GenderEquality
 ACA,4/14/2020,42.36000061,10000,423600.0061,0.396825397,"Fossil,GenderEquality"
 ACA,5/19/2020,34.43999863,10000,344399.9863,0.396825397,"Fossil,GenderEquality"
 ACA,6/10/2020,43.75,10000,437500,0.396825397,"Fossil,GenderEquality"
 ACA,7/16/2020,43.97999954,10000,439799.9954,0.396825397,"Fossil,GenderEquality"
 ACA,8/11/2020,47.02999878,10000,470299.9878,0.396825397,"Fossil,GenderEquality"
 ACA,9/28/2020,44.68000031,10000,446800.0031,0.396825397,"Fossil,GenderEquality"
 ACA,11/11/2020,54.72000122,10000,547200.0122,0.396825397,"Fossil,GenderEquality"
 ACA,1/21/2021,62.29000092,10000,622900.0092,0.396825397,"Fossil,GenderEquality"
 ACA,3/3/2021,58.74000168,10000,587400.0168,0.396825397,"Fossil,GenderEquality"
 ACA,4/1/2021,65.83000183,10000,658300.0183,0.396825397,"Fossil,GenderEquality"
 ACA,5/3/2021,64.27999878,10000,642799.9878,0.396825397,"Fossil,GenderEquality"
 ACA,7/15/2021,54.84000015,10000,548400.0015,0.396825397,"Fossil,GenderEquality"
 ACA,8/9/2021,51.40999985,10000,514099.9985,0.396825397,"Fossil,GenderEquality"
 ACA,9/2/2021,51.47999954,10000,514799.9954,0.396825397,"Fossil,GenderEquality"
 ACA,10/19/2021,52.18000031,10000,521800.0031,0.396825397,"Fossil,GenderEquality"
 ACA,12/14/2021,55.40999985,10000,554099.9985,0.396825397,"Fossil,GenderEquality"
 ACA,1/25/2022,49.16999817,10000,491699.9817,0.396825397,"Fossil,GenderEquality"
 ACA,2/16/2022,48.02999878,10000,480299.9878,0.396825397,"Fossil,GenderEquality"
 ACA,3/16/2022,58.79000092,10000,587900.0092,0.396825397,"Fossil,GenderEquality"
 ACA,4/11/2022,55.77999878,10000,557799.9878,0.396825397,"Fossil,GenderEquality"
 ACA,7/15/2022,46.22000122,10000,462200.0122,0.396825397,"Fossil,GenderEquality"
 ACA,8/8/2022,63.22999954,10000,632299.9954,0.396825397,"Fossil,GenderEquality"
 ACA,9/14/2022,57.18999863,10000,571899.9863,0.793650794,"Fossil,GenderEquality"
 ACA,10/19/2022,61.47000122,10000,614700.0122,0.793650794,"Fossil,GenderEquality"
 ACA,11/9/2022,57.14500046,10000,571450.0046,0.793650794,"Fossil,GenderEquality"
 ACA,12/16/2022,55.46900177,10000,554690.0177,0.793650794,"Fossil,GenderEquality"
 ACA,1/27/2023,58.84999847,10000,588499.9847,0.793650794,"Fossil,GenderEquality"
 ACA,2/8/2023,59.54000092,10000,595400.0092,0.793650794,"Fossil,GenderEquality"
 ACA,3/9/2023,61.15000153,10000,611500.0153,0.793650794,"Fossil,GenderEquality"
 AXAHF,4/14/2020,17.10000038,10000,171000.0038,0.396825397,"Fossil,GenderEquality"
 AXAHF,5/19/2020,17.22999954,10000,172299.9954,0.396825397,"Fossil,GenderEquality"
 AXAHF,6/10/2020,21.87000084,10000,218700.0084,0.396825397,"Fossil,GenderEquality"
 AXAHF,7/16/2020,21.11000061,10000,211100.0061,0.396825397,"Fossil,GenderEquality"
 AXAHF,8/11/2020,21,10000,210000,0.396825397,"Fossil,GenderEquality"
 AXAHF,9/28/2020,18.57999992,10000,185799.9992,0.396825397,"Fossil,GenderEquality"
 AXAHF,11/11/2020,21.53000069,10000,215300.0069,0.396825397,"Fossil,GenderEquality"
 AXAHF,1/21/2021,23.71999931,10000,237199.9931,0.396825397,"Fossil,GenderEquality"
 AXAHF,3/3/2021,26.5,10000,265000,0.396825397,"Fossil,GenderEquality"
 AXAHF,4/1/2021,27.29000092,10000,272900.0092,0.396825397,"Fossil,GenderEquality"
 AXAHF,5/3/2021,28.45000076,10000,284500.0076,0.396825397,"Fossil,GenderEquality"
 AXAHF,7/15/2021,25.75,10000,257500,0.396825397,"Fossil,GenderEquality"
 AXAHF,8/9/2021,27.97999954,10000,279799.9954,0.396825397,"Fossil,GenderEquality"
 AXAHF,9/2/2021,28,10000,280000,0.396825397,"Fossil,GenderEquality"
 AXAHF,10/19/2021,27.81999969,10000,278199.9969,0.396825397,"Fossil,GenderEquality"
 AXAHF,12/14/2021,28.13999939,10000,281399.9939,0.396825397,"Fossil,GenderEquality"
 AXAHF,1/25/2022,30.61000061,10000,306100.0061,0.396825397,"Fossil,GenderEquality"
 AXAHF,2/16/2022,31.85000038,10000,318500.0038,0.396825397,"Fossil,GenderEquality"
 AXAHF,3/16/2022,28.63999939,10000,286399.9939,0.396825397,"Fossil,GenderEquality"
 AXAHF,4/11/2022,28.61000061,10000,286100.0061,0.396825397,"Fossil,GenderEquality"
 AXAHF,7/15/2022,21.28000069,10000,212800.0069,0.396825397,"Fossil,GenderEquality"
 AXAHF,8/8/2022,24.73999977,10000,247399.9977,0.396825397,"Fossil,GenderEquality"
 AXAHF,9/14/2022,25.36000061,10000,253600.0061,0.793650794,"Fossil,GenderEquality"
 AXAHF,10/19/2022,23.75,10000,237500,0.793650794,"Fossil,GenderEquality"
 AXAHF,11/9/2022,26.38999939,10000,263899.9939,0.793650794,"Fossil,GenderEquality"
 AXAHF,12/16/2022,27.77000046,10000,277700.0046,0.793650794,"Fossil,GenderEquality"
 AXAHF,1/27/2023,31.17000008,10000,311700.0008,0.793650794,"Fossil,GenderEquality"
 AXAHF,2/8/2023,31.55999947,10000,315599.9947,0.793650794,"Fossil,GenderEquality"
 AXAHF,3/9/2023,31.79999924,10000,317999.9924,0.793650794,"Fossil,GenderEquality"
 SEBYF,4/14/2020,125,10000,1250000,0.396825397,GenderEquality
 SEBYF,5/19/2020,106.0269089,10000,1060269.089,0.396825397,GenderEquality
 SEBYF,6/10/2020,106.0269089,10000,1060269.089,0.396825397,GenderEquality
 SEBYF,7/16/2020,139.0909119,10000,1390909.119,0.396825397,GenderEquality
 SEBYF,8/11/2020,157.2727203,10000,1572727.203,0.396825397,GenderEquality
 SEBYF,9/28/2020,157.2727203,10000,1572727.203,0.396825397,GenderEquality
 SEBYF,11/11/2020,157.2727203,10000,1572727.203,0.396825397,GenderEquality
 SEBYF,1/21/2021,162.7272644,10000,1627272.644,0.396825397,GenderEquality
 SEBYF,3/3/2021,162.7272644,10000,1627272.644,0.396825397,GenderEquality
 SEBYF,4/1/2021,171.25,10000,1712500,0.396825397,GenderEquality
 SEBYF,5/3/2021,182.9208984,10000,1829208.984,0.396825397,GenderEquality
 SEBYF,7/15/2021,179.75,10000,1797500,0.396825397,GenderEquality
 SEBYF,8/9/2021,166.1100006,10000,1661100.006,0.396825397,GenderEquality
 SEBYF,9/2/2021,164,10000,1640000,0.396825397,GenderEquality
 SEBYF,10/19/2021,164,10000,1640000,0.396825397,GenderEquality
 SEBYF,12/14/2021,149.6100006,10000,1496100.006,0.396825397,GenderEquality
 SEBYF,1/25/2022,142.5800018,10000,1425800.018,0.396825397,GenderEquality
 SEBYF,2/16/2022,110.6999969,10000,1106999.969,0.396825397,GenderEquality
 SEBYF,3/16/2022,145,10000,1450000,0.396825397,GenderEquality
 SEBYF,4/11/2022,145,10000,1450000,0.396825397,GenderEquality
 SEBYF,7/15/2022,96.12303162,10000,961230.3162,0.396825397,GenderEquality
 SEBYF,8/8/2022,96.12303162,10000,961230.3162,0.396825397,GenderEquality
 SEBYF,9/14/2022,76.48876953,10000,764887.6953,0.396825397,GenderEquality
 SEBYF,10/19/2022,63.72888947,10000,637288.8947,0.396825397,GenderEquality
 SEBYF,11/9/2022,63.72888947,10000,637288.8947,0.396825397,GenderEquality
 SEBYF,12/16/2022,63.72888947,10000,637288.8947,0.396825397,GenderEquality
 SEBYF,1/27/2023,80.59999847,10000,805999.9847,0.396825397,GenderEquality
 SEBYF,2/8/2023,80.59999847,10000,805999.9847,0.396825397,GenderEquality
 SEBYF,3/9/2023,80.59999847,10000,805999.9847,0.396825397,GenderEquality
 ACGBF,4/14/2020,0.430000007,10000,4300.00007,0.396825397,"Fossil,GenderEquality"
 ACGBF,5/19/2020,0.409999996,10000,4099.99996,0.396825397,"Fossil,GenderEquality"
 ACGBF,6/10/2020,0.389999986,10000,3899.99986,0.396825397,"Fossil,GenderEquality"
 ACGBF,7/16/2020,0.360000014,10000,3600.00014,0.396825397,"Fossil,GenderEquality"
 ACGBF,8/11/2020,0.349999994,10000,3499.99994,0.396825397,"Fossil,GenderEquality"
 ACGBF,9/28/2020,0.319999993,10000,3199.99993,0.396825397,"Fossil,GenderEquality"
 ACGBF,11/11/2020,0.370000005,10000,3700.00005,0.396825397,"Fossil,GenderEquality"
 ACGBF,1/21/2021,0.400000006,10000,4000.00006,0.396825397,"Fossil,GenderEquality"
 ACGBF,3/3/2021,0.340000004,10000,3400.00004,0.396825397,"Fossil,GenderEquality"
 ACGBF,4/1/2021,0.400000006,10000,4000.00006,0.396825397,"Fossil,GenderEquality"
 ACGBF,5/3/2021,0.379999995,10000,3799.99995,0.396825397,"Fossil,GenderEquality"
 ACGBF,7/15/2021,0.340000004,10000,3400.00004,0.396825397,"Fossil,GenderEquality"
 ACGBF,8/9/2021,0.340000004,10000,3400.00004,0.396825397,"Fossil,GenderEquality"
 ACGBF,9/2/2021,0.340000004,10000,3400.00004,0.396825397,"Fossil,GenderEquality"
 ACGBF,10/19/2021,0.330000013,10000,3300.00013,0.396825397,"Fossil,GenderEquality"
 ACGBF,12/14/2021,0.349999994,10000,3499.99994,0.396825397,"Fossil,GenderEquality"
 ACGBF,1/25/2022,0.370000005,10000,3700.00005,0.396825397,"Fossil,GenderEquality"
 ACGBF,2/16/2022,0.400000006,10000,4000.00006,0.396825397,"Fossil,GenderEquality"
 ACGBF,3/16/2022,0.360000014,10000,3600.00014,0.396825397,"Fossil,GenderEquality"
 ACGBF,4/11/2022,0.370000005,10000,3700.00005,0.396825397,"Fossil,GenderEquality"
 ACGBF,7/15/2022,0.340000004,10000,3400.00004,0.396825397,"Fossil,GenderEquality"
 ACGBF,8/8/2022,0.319999993,10000,3199.99993,0.396825397,"Fossil,GenderEquality"
 ACGBF,9/14/2022,0.319999993,10000,3199.99993,0.793650794,"Fossil,GenderEquality"
 ACGBF,10/19/2022,0.289999992,10000,2899.99992,0.793650794,"Fossil,GenderEquality"
 ACGBF,11/9/2022,0.289999992,10000,2899.99992,0.793650794,"Fossil,GenderEquality"
 ACGBF,12/16/2022,0.330000013,10000,3300.00013,0.793650794,"Fossil,GenderEquality"
 ACGBF,1/27/2023,0.370000005,10000,3700.00005,0.793650794,"Fossil,GenderEquality"
 ACGBF,2/8/2023,0.349999994,10000,3499.99994,0.793650794,"Fossil,GenderEquality"
 ACGBF,3/9/2023,0.349999994,10000,3499.99994,1.19047619,"Fossil,GenderEquality"
 FCODF,4/14/2020,565,10000,5650000,0.793650794,"Deforestation,GenderEquality"
 FCODF,5/19/2020,588.7886963,10000,5887886.963,0.793650794,"Deforestation,GenderEquality"
 FCODF,6/10/2020,770,10000,7700000,0.793650794,"Deforestation,GenderEquality"
 FCODF,7/16/2020,758.9771118,10000,7589771.118,0.793650794,"Deforestation,GenderEquality"
 FCODF,8/11/2020,718,10000,7180000,0.793650794,"Deforestation,GenderEquality"
 FCODF,9/28/2020,850,10000,8500000,0.793650794,"Deforestation,GenderEquality"
 FCODF,11/11/2020,809,10000,8090000,0.793650794,"Deforestation,GenderEquality"
 FCODF,1/21/2021,956.015625,10000,9560156.25,0.793650794,"Deforestation,GenderEquality"
 FCODF,3/3/2021,951.3477783,10000,9513477.783,0.793650794,"Deforestation,GenderEquality"
 FCODF,4/1/2021,951.3477783,10000,9513477.783,0.793650794,"Deforestation,GenderEquality"
 FCODF,5/3/2021,951.3477783,10000,9513477.783,0.793650794,"Deforestation,GenderEquality"
 FCODF,7/15/2021,1410,10000,14100000,0.793650794,"Deforestation,GenderEquality"
 FCODF,8/9/2021,1410,10000,14100000,0.793650794,"Deforestation,GenderEquality"
 FCODF,9/2/2021,1525,10000,15250000,0.793650794,"Deforestation,GenderEquality"
 FCODF,10/19/2021,1575,10000,15750000,0.793650794,"Deforestation,GenderEquality"
 FCODF,12/14/2021,1373,10000,13730000,0.793650794,"Deforestation,GenderEquality"
 FCODF,1/25/2022,1361.199951,10000,13611999.51,0.793650794,"Deforestation,GenderEquality"
 FCODF,2/16/2022,1324,10000,13240000,0.793650794,"Deforestation,GenderEquality"
 FCODF,3/16/2022,1190,10000,11900000,0.793650794,"Deforestation,GenderEquality"
 FCODF,4/11/2022,1190,10000,11900000,0.793650794,"Deforestation,GenderEquality"
 FCODF,7/15/2022,1095,10000,10950000,0.793650794,"Deforestation,GenderEquality"
 FCODF,8/8/2022,1190,10000,11900000,0.793650794,"Deforestation,GenderEquality"
 FCODF,9/14/2022,1190,10000,11900000,0.793650794,"Deforestation,GenderEquality"
 FCODF,10/19/2022,1023,10000,10230000,0.793650794,"Deforestation,GenderEquality"
 FCODF,11/9/2022,1023,10000,10230000,0.793650794,"Deforestation,GenderEquality"
 FCODF,12/16/2022,1023,10000,10230000,0.793650794,"Deforestation,GenderEquality"
 FCODF,1/27/2023,1023,10000,10230000,0.793650794,"Deforestation,GenderEquality"
 FCODF,2/8/2023,1600,10000,16000000,0.793650794,"Deforestation,GenderEquality"
 FCODF,3/9/2023,1599,10000,15990000,0.793650794,"Deforestation,GenderEquality"
 CHDRF,4/14/2020,360,10000,3600000,0.396825397,GenderEquality
 CHDRF,5/19/2020,375,10000,3750000,0.396825397,GenderEquality
 CHDRF,6/10/2020,456.9132996,10000,4569132.996,0.396825397,GenderEquality
 CHDRF,7/16/2020,475,10000,4750000,0.396825397,GenderEquality
 CHDRF,8/11/2020,408.0499878,10000,4080499.878,0.396825397,GenderEquality
 CHDRF,9/28/2020,405.25,10000,4052500,0.396825397,GenderEquality
 CHDRF,11/11/2020,503,10000,5030000,0.396825397,GenderEquality
 CHDRF,1/21/2021,534,10000,5340000,0.396825397,GenderEquality
 CHDRF,3/3/2021,586.4508057,10000,5864508.057,0.396825397,GenderEquality
 CHDRF,4/1/2021,600.8753052,10000,6008753.052,0.396825397,GenderEquality
 CHDRF,5/3/2021,755,10000,7550000,0.396825397,GenderEquality
 CHDRF,7/15/2021,750,10000,7500000,0.396825397,GenderEquality
 CHDRF,8/9/2021,832,10000,8320000,0.396825397,GenderEquality
 CHDRF,9/2/2021,731.0499878,10000,7310499.878,0.396825397,GenderEquality
 CHDRF,10/19/2021,755,10000,7550000,0.396825397,GenderEquality
 CHDRF,12/14/2021,763.6300049,10000,7636300.049,0.396825397,GenderEquality
 CHDRF,1/25/2022,762,10000,7620000,0.396825397,GenderEquality
 CHDRF,2/16/2022,739.2249756,10000,7392249.756,0.396825397,GenderEquality
 CHDRF,3/16/2022,604,10000,6040000,0.396825397,GenderEquality
 CHDRF,4/11/2022,643.8599854,10000,6438599.854,0.396825397,GenderEquality
 CHDRF,7/15/2022,563,10000,5630000,0.396825397,GenderEquality
 CHDRF,8/8/2022,655,10000,6550000,0.396825397,GenderEquality
 CHDRF,9/14/2022,642.7800293,10000,6427800.293,0.396825397,GenderEquality
 CHDRF,10/19/2022,613.9000244,10000,6139000.244,0.396825397,GenderEquality
 CHDRF,11/9/2022,630,10000,6300000,0.396825397,GenderEquality
 CHDRF,12/16/2022,768,10000,7680000,0.396825397,GenderEquality
 CHDRF,1/27/2023,871,10000,8710000,0.396825397,GenderEquality
 CHDRF,2/8/2023,837,10000,8370000,0.396825397,GenderEquality
 CHDRF,3/9/2023,823,10000,8230000,0.396825397,GenderEquality
 MEIYF,4/14/2020,6.87319994,10000,68731.9994,0,GenderEquality
 MEIYF,5/19/2020,8.364800453,10000,83648.00453,0,GenderEquality
 MEIYF,6/10/2020,10.10000038,10000,101000.0038,0,GenderEquality
 MEIYF,7/16/2020,8.641599655,10000,86415.99655,0,GenderEquality
 MEIYF,8/11/2020,7.354400158,10000,73544.00158,0,GenderEquality
 MEIYF,9/28/2020,5.758399963,10000,57583.99963,0.396825397,GenderEquality
 MEIYF,11/11/2020,5.642000198,10000,56420.00198,0.396825397,GenderEquality
 MEIYF,1/21/2021,9.001399994,10000,90013.99994,0.396825397,GenderEquality
 MEIYF,3/3/2021,9.001399994,10000,90013.99994,0.396825397,GenderEquality
 MEIYF,4/1/2021,9.001399994,10000,90013.99994,0.396825397,GenderEquality
 MEIYF,5/3/2021,9.001399994,10000,90013.99994,0.396825397,GenderEquality
 MEIYF,7/15/2021,12.5,10000,125000,0.396825397,GenderEquality
 MEIYF,8/9/2021,12.5,10000,125000,0.396825397,GenderEquality
 MEIYF,9/2/2021,11.82999992,10000,118299.9992,0.396825397,GenderEquality
 MEIYF,10/19/2021,10.69999981,10000,106999.9981,0.396825397,GenderEquality
 MEIYF,12/14/2021,10.69999981,10000,106999.9981,0.396825397,GenderEquality
 MEIYF,1/25/2022,9.300000191,10000,93000.00191,0.396825397,GenderEquality
 MEIYF,2/16/2022,9.300000191,10000,93000.00191,0.396825397,GenderEquality
 MEIYF,3/16/2022,9.300000191,10000,93000.00191,0.396825397,GenderEquality
 MEIYF,4/11/2022,9.300000191,10000,93000.00191,0.396825397,GenderEquality
 MEIYF,7/15/2022,9.521800041,10000,95218.00041,0.396825397,GenderEquality
 MEIYF,8/8/2022,9.521800041,10000,95218.00041,0.396825397,GenderEquality
 MEIYF,9/14/2022,9.521800041,10000,95218.00041,0.396825397,GenderEquality
 MEIYF,10/19/2022,6.900000095,10000,69000.00095,0.396825397,GenderEquality
 MEIYF,11/9/2022,6.900000095,10000,69000.00095,0.396825397,GenderEquality
 MEIYF,12/16/2022,10.09000015,10000,100900.0015,0.396825397,GenderEquality
 MEIYF,1/27/2023,10.69999981,10000,106999.9981,0.396825397,GenderEquality
 MEIYF,2/8/2023,10.69999981,10000,106999.9981,0.396825397,GenderEquality
 MEIYF,3/9/2023,10.69999981,10000,106999.9981,0.396825397,GenderEquality
 ETCMY,4/14/2020,2.769999981,10000,27699.99981,0.396825397,GenderEquality
 ETCMY,5/19/2020,2.519999981,10000,25199.99981,0.396825397,GenderEquality
 ETCMY,6/10/2020,2.99000001,10000,29900.0001,0.396825397,GenderEquality
 ETCMY,7/16/2020,2.400000095,10000,24000.00095,0.396825397,GenderEquality
 ETCMY,8/11/2020,2.579999924,10000,25799.99924,0.396825397,GenderEquality
 ETCMY,9/28/2020,2.460000038,10000,24600.00038,0.396825397,GenderEquality
 ETCMY,11/11/2020,2.880000114,10000,28800.00114,0.396825397,GenderEquality
 ETCMY,1/21/2021,2.99000001,10000,29900.0001,0.396825397,GenderEquality
 ETCMY,3/3/2021,3.00999999,10000,30099.9999,0.396825397,GenderEquality
 ETCMY,4/1/2021,3.119999886,10000,31199.99886,0.396825397,GenderEquality
 ETCMY,5/3/2021,3.25999999,10000,32599.9999,0.396825397,GenderEquality
 ETCMY,7/15/2021,2.937999964,10000,29379.99964,0.396825397,GenderEquality
 ETCMY,8/9/2021,2.880000114,10000,28800.00114,0.396825397,GenderEquality
 ETCMY,9/2/2021,3.049999952,10000,30499.99952,0.396825397,GenderEquality
 ETCMY,10/19/2021,3.700000048,10000,37000.00048,0.396825397,GenderEquality
 ETCMY,12/14/2021,3.079999924,10000,30799.99924,0.396825397,GenderEquality
 ETCMY,1/25/2022,3.140000105,10000,31400.00105,0.396825397,GenderEquality
 ETCMY,2/16/2022,3.299999952,10000,32999.99952,0.396825397,GenderEquality
 ETCMY,3/16/2022,2.5,10000,25000,0.396825397,GenderEquality
 ETCMY,4/11/2022,2.869999886,10000,28699.99886,0.396825397,GenderEquality
 ETCMY,7/15/2022,2.670000076,10000,26700.00076,0.396825397,GenderEquality
 ETCMY,8/8/2022,2.269999981,10000,22699.99981,0.396825397,GenderEquality
 ETCMY,9/14/2022,2.299999952,10000,22999.99952,0.396825397,GenderEquality
 ETCMY,10/19/2022,2.160000086,10000,21600.00086,0.396825397,GenderEquality
 ETCMY,11/9/2022,2.549999952,10000,25499.99952,0.396825397,GenderEquality
 ETCMY,12/16/2022,1.909999967,10000,19099.99967,0.396825397,GenderEquality
 ETCMY,1/27/2023,1.970000029,10000,19700.00029,0.396825397,GenderEquality
 ETCMY,2/8/2023,1.787999988,10000,17879.99988,0.396825397,GenderEquality
 ETCMY,3/9/2023,1.75999999,10000,17599.9999,0.396825397,GenderEquality
HE,4/14/2020,44.40999985,10000,444099.9985,0.722222222,"Fossil,GenderEquality"
HE,5/19/2020,38.34000015,10000,383400.0015,0.722222222,"Fossil,GenderEquality"
HE,6/10/2020,40.40999985,10000,404099.9985,0.722222222,"Fossil,GenderEquality"
HE,7/16/2020,37.52000046,10000,375200.0046,0.722222222,"Fossil,GenderEquality"
HE,8/11/2020,36.54999924,10000,365499.9924,0.722222222,"Fossil,GenderEquality"
HE,9/28/2020,33.52999878,10000,335299.9878,0.722222222,"Fossil,GenderEquality"
HE,11/11/2020,37.65000153,10000,376500.0153,0.722222222,"Fossil,GenderEquality"
HE,1/21/2021,34.09999847,10000,340999.9847,0.722222222,"Fossil,GenderEquality"
HE,3/3/2021,36.36999893,10000,363699.9893,0.722222222,"Fossil,GenderEquality"
HE,4/1/2021,44.70999908,10000,447099.9908,0.722222222,"Fossil,GenderEquality"
HE,5/3/2021,43.52999878,10000,435299.9878,0.722222222,"Fossil,GenderEquality"
HE,7/15/2021,43.22000122,10000,432200.0122,0.722222222,"Fossil,GenderEquality"
HE,8/9/2021,44.22999954,10000,442299.9954,0.722222222,"Fossil,GenderEquality"
HE,9/2/2021,44.11999893,10000,441199.9893,0.722222222,"Fossil,GenderEquality"
HE,10/19/2021,41.45999908,10000,414599.9908,0.722222222,"Fossil,GenderEquality"
HE,12/14/2021,41.93000031,10000,419300.0031,0.722222222,"Fossil,GenderEquality"
HE,1/25/2022,42.11999893,10000,421199.9893,0.722222222,"Fossil,GenderEquality"
HE,2/16/2022,40.11000061,10000,401100.0061,0.722222222,"Fossil,GenderEquality"
HE,3/16/2022,42.15999985,10000,421599.9985,0.722222222,"Fossil,GenderEquality"
HE,4/11/2022,43.95000076,10000,439500.0076,0.722222222,"Fossil,GenderEquality"
HE,7/15/2022,40.15999985,10000,401599.9985,0.722222222,"Fossil,GenderEquality"
HE,8/8/2022,42.86000061,10000,428600.0061,0.722222222,"Fossil,GenderEquality"
HE,9/14/2022,39.22999954,10000,392299.9954,0.722222222,"Fossil,GenderEquality"
HE,10/19/2022,36,10000,360000,0.722222222,"Fossil,GenderEquality"
HE,11/9/2022,38.16999817,10000,381699.9817,0.722222222,"Fossil,GenderEquality"
HE,12/16/2022,40.34999847,10000,403499.9847,0.722222222,"Fossil,GenderEquality"
HE,1/27/2023,41.84999847,10000,418499.9847,0.722222222,"Fossil,GenderEquality"
HE,2/8/2023,43.18999863,10000,431899.9863,0.722222222,"Fossil,GenderEquality"
HE,3/9/2023,39.95000076,10000,399500.0076,0.722222222,"Fossil,GenderEquality"
 CSGEF,4/14/2020,0.19,10000,1900,0,Fossil
 CSGEF,5/19/2020,0.189999998,10000,1899.99998,0.396825397,Fossil
 CSGEF,6/10/2020,0.189999998,10000,1899.99998,0.396825397,Fossil
 CSGEF,7/16/2020,0.189999998,10000,1899.99998,0.396825397,Fossil
 CSGEF,8/11/2020,0.189999998,10000,1899.99998,0.396825397,Fossil
 CSGEF,9/28/2020,0.189999998,10000,1899.99998,0.396825397,Fossil
 CSGEF,11/11/2020,0.189999998,10000,1899.99998,0.396825397,Fossil
 CSGEF,1/21/2021,0.189999998,10000,1899.99998,0.396825397,Fossil
 CSGEF,3/3/2021,0.189999998,10000,1899.99998,0.396825397,Fossil
 CSGEF,4/1/2021,0.189999998,10000,1899.99998,0.396825397,Fossil
 CSGEF,5/3/2021,0.189999998,10000,1899.99998,0.396825397,Fossil
 CSGEF,7/15/2021,0.189999998,10000,1899.99998,0.396825397,Fossil
 CSGEF,8/9/2021,0.189999998,10000,1899.99998,0.396825397,Fossil
 CSGEF,9/2/2021,0.189999998,10000,1899.99998,0.396825397,Fossil
 CSGEF,10/19/2021,0.189999998,10000,1899.99998,0.396825397,Fossil
 CSGEF,12/14/2021,0.189999998,10000,1899.99998,0.396825397,Fossil
 CSGEF,1/25/2022,0.189999998,10000,1899.99998,0.396825397,Fossil
 CSGEF,2/16/2022,0.189999998,10000,1899.99998,0.396825397,Fossil
 CSGEF,3/16/2022,0.189999998,10000,1899.99998,0.396825397,Fossil
 CSGEF,4/11/2022,0.189999998,10000,1899.99998,0.396825397,Fossil
 CSGEF,7/15/2022,0.189999998,10000,1899.99998,0.396825397,Fossil
 CSGEF,8/8/2022,0.189999998,10000,1899.99998,0.396825397,Fossil
 CSGEF,9/14/2022,0.465000004,10000,4650.00004,0.396825397,Fossil
 CSGEF,10/19/2022,0.354039997,10000,3540.39997,0.396825397,Fossil
 CSGEF,11/9/2022,0.354039997,10000,3540.39997,0.396825397,Fossil
 CSGEF,12/16/2022,0.354039997,10000,3540.39997,0.396825397,Fossil
 CSGEF,1/27/2023,0.354039997,10000,3540.39997,0.396825397,Fossil
 CSGEF,2/8/2023,0.354039997,10000,3540.39997,0.396825397,Fossil
 CSGEF,3/9/2023,0.422800004,10000,4228.00004,0.396825397,Fossil
 MLRYY,4/14/2020,16.64999962,10000,166499.9962,0.396825397,GenderEquality
 MLRYY,5/19/2020,17.95000076,10000,179500.0076,0.396825397,GenderEquality
 MLRYY,6/10/2020,18.75,10000,187500,0.396825397,GenderEquality
 MLRYY,7/16/2020,25.60000038,10000,256000.0038,0.396825397,GenderEquality
 MLRYY,8/11/2020,27.29999924,10000,272999.9924,0.396825397,GenderEquality
 MLRYY,9/28/2020,28.10000038,10000,281000.0038,0.396825397,GenderEquality
 MLRYY,11/11/2020,28.64999962,10000,286499.9962,0.396825397,GenderEquality
 MLRYY,1/21/2021,26.75,10000,267500,0.396825397,GenderEquality
 MLRYY,3/3/2021,27,10000,270000,0.396825397,GenderEquality
 MLRYY,4/1/2021,22.5,10000,225000,0.396825397,GenderEquality
 MLRYY,5/3/2021,23.20000076,10000,232000.0076,0.396825397,GenderEquality
 MLRYY,7/15/2021,22.04999924,10000,220499.9924,0.396825397,GenderEquality
 MLRYY,8/9/2021,21,10000,210000,0.396825397,GenderEquality
 MLRYY,9/2/2021,21.29999924,10000,212999.9924,0.396825397,GenderEquality
 MLRYY,10/19/2021,22.85000038,10000,228500.0038,0.396825397,GenderEquality
 MLRYY,12/14/2021,12.39999962,10000,123999.9962,0.396825397,GenderEquality
 MLRYY,1/25/2022,7.320000172,10000,73200.00172,0.396825397,GenderEquality
 MLRYY,2/16/2022,7.980000019,10000,79800.00019,0.396825397,GenderEquality
 MLRYY,3/16/2022,0.899999976,10000,8999.99976,0.396825397,GenderEquality
 MLRYY,4/11/2022,0.899999976,10000,8999.99976,0.396825397,GenderEquality
 MLRYY,7/15/2022,0.899999976,10000,8999.99976,0.396825397,GenderEquality
 MLRYY,8/8/2022,0.899999976,10000,8999.99976,0.396825397,GenderEquality
 MLRYY,9/14/2022,0.899999976,10000,8999.99976,0.396825397,GenderEquality
 MLRYY,10/19/2022,1.25,10000,12500,0.396825397,GenderEquality
 MLRYY,11/9/2022,0.899999976,10000,8999.99976,0.396825397,GenderEquality
 MLRYY,12/16/2022,1.25,10000,12500,0.396825397,GenderEquality
 MLRYY,1/27/2023,0.899999976,10000,8999.99976,0.396825397,GenderEquality
 MLRYY,2/8/2023,0.899999976,10000,8999.99976,0.396825397,GenderEquality
 MLRYY,3/9/2023,0.899999976,10000,8999.99976,0.396825397,GenderEquality
 BRPHF,4/14/2020,0.723999977,10000,7239.99977,0,GenderEquality
 BRPHF,5/19/2020,1.090000033,10000,10900.00033,0,GenderEquality
 BRPHF,6/10/2020,1.544999957,10000,15449.99957,0,GenderEquality
 BRPHF,7/16/2020,1.238999963,10000,12389.99963,0,GenderEquality
 BRPHF,8/11/2020,2.789999962,10000,27899.99962,0,GenderEquality
 BRPHF,9/28/2020,2.950000048,10000,29500.00048,0,GenderEquality
 BRPHF,11/11/2020,4.050000191,10000,40500.00191,0,GenderEquality
 BRPHF,1/21/2021,7.75,10000,77500,0,GenderEquality
 BRPHF,3/3/2021,17.15399933,10000,171539.9933,0,GenderEquality
 BRPHF,4/1/2021,21.20999908,10000,212099.9908,0,GenderEquality
 BRPHF,5/3/2021,31.11000061,10000,311100.0061,0,GenderEquality
 BRPHF,7/15/2021,15.17500019,10000,151750.0019,0,GenderEquality
 BRPHF,8/9/2021,20.27000046,10000,202700.0046,0,GenderEquality
 BRPHF,9/2/2021,20,10000,200000,0,GenderEquality
 BRPHF,10/19/2021,17.59499931,10000,175949.9931,0,GenderEquality
 BRPHF,12/14/2021,18.20000076,10000,182000.0076,0,GenderEquality
 BRPHF,1/25/2022,13,10000,130000,0,GenderEquality
 BRPHF,2/16/2022,14,10000,140000,0,GenderEquality
 BRPHF,3/16/2022,12.28999996,10000,122899.9996,0,GenderEquality
 BRPHF,4/11/2022,13.84000015,10000,138400.0015,0,GenderEquality
 BRPHF,7/15/2022,4.081999779,10000,40819.99779,0,GenderEquality
 BRPHF,8/8/2022,7.139999866,10000,71399.99866,0,GenderEquality
 BRPHF,9/14/2022,5.860000134,10000,58600.00134,0,GenderEquality
 BRPHF,10/19/2022,4.644999981,10000,46449.99981,0,GenderEquality
 BRPHF,11/9/2022,3.150000095,10000,31500.00095,0,GenderEquality
 BRPHF,12/16/2022,2.974999905,10000,29749.99905,0.396825397,GenderEquality
 BRPHF,1/27/2023,3.99000001,10000,39900.0001,0.396825397,GenderEquality
 BRPHF,2/8/2023,4.329999924,10000,43299.99924,0.396825397,GenderEquality
 BRPHF,3/9/2023,3.079999924,10000,30799.99924,0.396825397,GenderEquality
 CLPXF,4/14/2020,0.579999983,10000,5799.99983,0.793650794,"Fossil,GenderEquality"
 CLPXF,5/19/2020,0.469999999,10000,4699.99999,0.793650794,"Fossil,GenderEquality"
 CLPXF,6/10/2020,0.550000012,10000,5500.00012,0.793650794,"Fossil,GenderEquality"
 CLPXF,7/16/2020,0.600000024,10000,6000.00024,0.793650794,"Fossil,GenderEquality"
 CLPXF,8/11/2020,0.689999998,10000,6899.99998,0.793650794,"Fossil,GenderEquality"
 CLPXF,9/28/2020,0.639999986,10000,6399.99986,0.793650794,"Fossil,GenderEquality"
 CLPXF,11/11/2020,0.819999993,10000,8199.99993,0.793650794,"Fossil,GenderEquality"
 CLPXF,1/21/2021,1.580000043,10000,15800.00043,0.793650794,"Fossil,GenderEquality"
 CLPXF,3/3/2021,1.399999976,10000,13999.99976,0.793650794,"Fossil,GenderEquality"
 CLPXF,4/1/2021,1.360000014,10000,13600.00014,0.793650794,"Fossil,GenderEquality"
 CLPXF,5/3/2021,1.580000043,10000,15800.00043,0.793650794,"Fossil,GenderEquality"
 CLPXF,7/15/2021,1.700000048,10000,17000.00048,0.793650794,"Fossil,GenderEquality"
 CLPXF,8/9/2021,1.850000024,10000,18500.00024,0.793650794,"Fossil,GenderEquality"
 CLPXF,9/2/2021,2.049999952,10000,20499.99952,0.793650794,"Fossil,GenderEquality"
 CLPXF,10/19/2021,2.160000086,10000,21600.00086,0.793650794,"Fossil,GenderEquality"
 CLPXF,12/14/2021,1.99000001,10000,19900.0001,0.793650794,"Fossil,GenderEquality"
 CLPXF,1/25/2022,2.00999999,10000,20099.9999,0.793650794,"Fossil,GenderEquality"
 CLPXF,2/16/2022,2.00999999,10000,20099.9999,0.793650794,"Fossil,GenderEquality"
 CLPXF,3/16/2022,2.079999924,10000,20799.99924,0.793650794,"Fossil,GenderEquality"
 CLPXF,4/11/2022,2.339999914,10000,23399.99914,0.793650794,"Fossil,GenderEquality"
 CLPXF,7/15/2022,1.950000048,10000,19500.00048,0.793650794,"Fossil,GenderEquality"
 CLPXF,8/8/2022,1.950000048,10000,19500.00048,0.793650794,"Fossil,GenderEquality"
 CLPXF,9/14/2022,1.600000024,10000,16000.00024,0.793650794,"Fossil,GenderEquality"
 CLPXF,10/19/2022,1.600000024,10000,16000.00024,0.793650794,"Fossil,GenderEquality"
 CLPXF,11/9/2022,1.600000024,10000,16000.00024,0.793650794,"Fossil,GenderEquality"
 CLPXF,12/16/2022,1.139999986,10000,11399.99986,0.793650794,"Fossil,GenderEquality"
 CLPXF,1/27/2023,1.139999986,10000,11399.99986,1.19047619,"Fossil,GenderEquality"
 CLPXF,2/8/2023,1.360000014,10000,13600.00014,1.19047619,"Fossil,GenderEquality"
 CLPXF,3/9/2023,1.360000014,10000,13600.00014,1.19047619,"Fossil,GenderEquality"
 WHGLY,4/14/2020,20.12000084,10000,201200.0084,3.174603175,"Deforestation,GenderEquality"
 WHGLY,5/19/2020,17.59000015,10000,175900.0015,3.174603175,"Deforestation,GenderEquality"
 WHGLY,6/10/2020,18.19000053,10000,181900.0053,3.174603175,"Deforestation,GenderEquality"
 WHGLY,7/16/2020,18.59000015,10000,185900.0015,3.174603175,"Deforestation,GenderEquality"
 WHGLY,8/11/2020,18.95000076,10000,189500.0076,3.174603175,"Deforestation,GenderEquality"
 WHGLY,9/28/2020,16.30999947,10000,163099.9947,3.174603175,"Deforestation,GenderEquality"
 WHGLY,11/11/2020,17.35000038,10000,173500.0038,3.174603175,"Deforestation,GenderEquality"
 WHGLY,1/21/2021,17.60000038,10000,176000.0038,3.174603175,"Deforestation,GenderEquality"
 WHGLY,3/3/2021,18.05999947,10000,180599.9947,3.174603175,"Deforestation,GenderEquality"
 WHGLY,4/1/2021,17.37999916,10000,173799.9916,3.174603175,"Deforestation,GenderEquality"
 WHGLY,5/3/2021,17.5,10000,175000,3.174603175,"Deforestation,GenderEquality"
 WHGLY,7/15/2021,16.95000076,10000,169500.0076,3.174603175,"Deforestation,GenderEquality"
 WHGLY,8/9/2021,16.67000008,10000,166700.0008,3.174603175,"Deforestation,GenderEquality"
 WHGLY,9/2/2021,16.45000076,10000,164500.0076,3.174603175,"Deforestation,GenderEquality"
 WHGLY,10/19/2021,13.63000011,10000,136300.0011,3.174603175,"Deforestation,GenderEquality"
 WHGLY,12/14/2021,12.43999958,10000,124399.9958,3.174603175,"Deforestation,GenderEquality"
 WHGLY,1/25/2022,13.69999981,10000,136999.9981,3.174603175,"Deforestation,GenderEquality"
 WHGLY,2/16/2022,14.81999969,10000,148199.9969,3.174603175,"Deforestation,GenderEquality"
 WHGLY,3/16/2022,12.36999989,10000,123699.9989,3.174603175,"Deforestation,GenderEquality"
 WHGLY,4/11/2022,13.18999958,10000,131899.9958,3.174603175,"Deforestation,GenderEquality"
 WHGLY,7/15/2022,14.96000004,10000,149600.0004,3.174603175,"Deforestation,GenderEquality"
 WHGLY,8/8/2022,14.51000023,10000,145100.0023,3.174603175,"Deforestation,GenderEquality"
 WHGLY,9/14/2022,13.77999973,10000,137799.9973,3.174603175,"Deforestation,GenderEquality"
 WHGLY,10/19/2022,12.03999996,10000,120399.9996,3.174603175,"Deforestation,GenderEquality"
 WHGLY,11/9/2022,10.92000008,10000,109200.0008,3.174603175,"Deforestation,GenderEquality"
 WHGLY,12/16/2022,12.14000034,10000,121400.0034,3.174603175,"Deforestation,GenderEquality"
 WHGLY,1/27/2023,12.63000011,10000,126300.0011,3.174603175,"Deforestation,GenderEquality"
 WHGLY,2/8/2023,12.11999989,10000,121199.9989,3.174603175,"Deforestation,GenderEquality"
 WHGLY,3/9/2023,11.75,10000,117500,3.174603175,"Deforestation,GenderEquality"
 VEOEF,4/14/2020,20.28000069,10000,202800.0069,0.396825397,"Fossil,GenderEquality"
 VEOEF,5/19/2020,19.95000076,10000,199500.0076,0.396825397,"Fossil,GenderEquality"
 VEOEF,6/10/2020,25,10000,250000,0.396825397,"Fossil,GenderEquality"
 VEOEF,7/16/2020,21.73999977,10000,217399.9977,0.396825397,"Fossil,GenderEquality"
 VEOEF,8/11/2020,22.25,10000,222500,0.396825397,"Fossil,GenderEquality"
 VEOEF,9/28/2020,20.18000031,10000,201800.0031,0.396825397,"Fossil,GenderEquality"
 VEOEF,11/11/2020,21.14999962,10000,211499.9962,0.396825397,"Fossil,GenderEquality"
 VEOEF,1/21/2021,28,10000,280000,0.396825397,"Fossil,GenderEquality"
 VEOEF,3/3/2021,26.79999924,10000,267999.9924,0.396825397,"Fossil,GenderEquality"
 VEOEF,4/1/2021,25.90999985,10000,259099.9985,0.396825397,"Fossil,GenderEquality"
 VEOEF,5/3/2021,32.31999969,10000,323199.9969,0.396825397,"Fossil,GenderEquality"
 VEOEF,7/15/2021,30.21999931,10000,302199.9931,0.396825397,"Fossil,GenderEquality"
 VEOEF,8/9/2021,32.11999893,10000,321199.9893,0.396825397,"Fossil,GenderEquality"
 VEOEF,9/2/2021,35.50999832,10000,355099.9832,0.396825397,"Fossil,GenderEquality"
 VEOEF,10/19/2021,32.25999832,10000,322599.9832,0.396825397,"Fossil,GenderEquality"
 VEOEF,12/14/2021,34.56000137,10000,345600.0137,0.396825397,"Fossil,GenderEquality"
 VEOEF,1/25/2022,35.09000015,10000,350900.0015,0.396825397,"Fossil,GenderEquality"
 VEOEF,2/16/2022,35.84000015,10000,358400.0015,0.396825397,"Fossil,GenderEquality"
 VEOEF,3/16/2022,32.50999832,10000,325099.9832,0.396825397,"Fossil,GenderEquality"
 VEOEF,4/11/2022,30.64999962,10000,306499.9962,0.396825397,"Fossil,GenderEquality"
 VEOEF,7/15/2022,23.04999924,10000,230499.9924,0.396825397,"Fossil,GenderEquality"
 VEOEF,8/8/2022,25.22999954,10000,252299.9954,0.396825397,"Fossil,GenderEquality"
 VEOEF,9/14/2022,23.15999985,10000,231599.9985,0.396825397,"Fossil,GenderEquality"
 VEOEF,10/19/2022,20.94000053,10000,209400.0053,0.396825397,"Fossil,GenderEquality"
 VEOEF,11/9/2022,24.12000084,10000,241200.0084,0.396825397,"Fossil,GenderEquality"
 VEOEF,12/16/2022,26.62000084,10000,266200.0084,0.396825397,"Fossil,GenderEquality"
 VEOEF,1/27/2023,30.03000069,10000,300300.0069,0.396825397,"Fossil,GenderEquality"
 VEOEF,2/8/2023,30,10000,300000,0.396825397,"Fossil,GenderEquality"
 VEOEF,3/9/2023,29.93000031,10000,299300.0031,0.793650794,"Fossil,GenderEquality"
 ORXGF,4/14/2020,3.640000105,10000,36400.00105,0.396825397,Fossil
 ORXGF,5/19/2020,3.74000001,10000,37400.0001,0.396825397,Fossil
 ORXGF,6/10/2020,4.150000095,10000,41500.00095,0.396825397,Fossil
 ORXGF,7/16/2020,3.75999999,10000,37599.9999,0.396825397,Fossil
 ORXGF,8/11/2020,4.119999886,10000,41199.99886,0.396825397,Fossil
 ORXGF,9/28/2020,4.349999905,10000,43499.99905,0.396825397,Fossil
 ORXGF,11/11/2020,4.590000153,10000,45900.00153,0.396825397,Fossil
 ORXGF,1/21/2021,4.739999771,10000,47399.99771,0.396825397,Fossil
 ORXGF,3/3/2021,4.389999866,10000,43899.99866,0.396825397,Fossil
 ORXGF,4/1/2021,4.340000153,10000,43400.00153,0.396825397,Fossil
 ORXGF,5/3/2021,4.429999828,10000,44299.99828,0.396825397,Fossil
 ORXGF,7/15/2021,4.639999866,10000,46399.99866,0.396825397,Fossil
 ORXGF,8/9/2021,4.550000191,10000,45500.00191,0.396825397,Fossil
 ORXGF,9/2/2021,4.110000134,10000,41100.00134,0.396825397,Fossil
 ORXGF,10/19/2021,4.260000229,10000,42600.00229,0.396825397,Fossil
 ORXGF,12/14/2021,3.950000048,10000,39500.00048,0.396825397,Fossil
 ORXGF,1/25/2022,4.110000134,10000,41100.00134,0.396825397,Fossil
 ORXGF,2/16/2022,4.199999809,10000,41999.99809,0.396825397,Fossil
 ORXGF,3/16/2022,3.75,10000,37500,0.396825397,Fossil
 ORXGF,4/11/2022,4.179999828,10000,41799.99828,0.396825397,Fossil
 ORXGF,7/15/2022,3.849999905,10000,38499.99905,0.396825397,Fossil
 ORXGF,8/8/2022,3.900000095,10000,39000.00095,0.396825397,Fossil
 ORXGF,9/14/2022,3.789999962,10000,37899.99962,0.396825397,Fossil
 ORXGF,10/19/2022,3.390000105,10000,33900.00105,0.396825397,Fossil
 ORXGF,11/9/2022,3.460000038,10000,34600.00038,0.396825397,Fossil
 ORXGF,12/16/2022,3.410000086,10000,34100.00086,0.396825397,Fossil
 ORXGF,1/27/2023,3.660000086,10000,36600.00086,0.396825397,Fossil
 ORXGF,2/8/2023,3.730000019,10000,37300.00019,0.396825397,Fossil
 ORXGF,3/9/2023,3.920000076,10000,39200.00076,0.396825397,Fossil
 FTCH,4/14/2020,11.56999969,10000,115699.9969,0,GenderEquality
 FTCH,5/19/2020,14.09000015,10000,140900.0015,0,GenderEquality
 FTCH,6/10/2020,16.14999962,10000,161499.9962,0,GenderEquality
 FTCH,7/16/2020,20.86000061,10000,208600.0061,0,GenderEquality
 FTCH,8/11/2020,26.18000031,10000,261800.0031,0,GenderEquality
 FTCH,9/28/2020,25.80999947,10000,258099.9947,0,GenderEquality
 FTCH,11/11/2020,44.72999954,10000,447299.9954,0,GenderEquality
 FTCH,1/21/2021,63.47000122,10000,634700.0122,0,GenderEquality
 FTCH,3/3/2021,60.11999893,10000,601199.9893,0,GenderEquality
 FTCH,4/1/2021,55.58000183,10000,555800.0183,0,GenderEquality
 FTCH,5/3/2021,49.56000137,10000,495600.0137,0,GenderEquality
 FTCH,7/15/2021,48.49000168,10000,484900.0168,0,GenderEquality
 FTCH,8/9/2021,47.70999908,10000,477099.9908,0,GenderEquality
 FTCH,9/2/2021,45.20999908,10000,452099.9908,0.396825397,GenderEquality
 FTCH,10/19/2021,40.45000076,10000,404500.0076,0.396825397,GenderEquality
 FTCH,12/14/2021,30.64999962,10000,306499.9962,0.396825397,GenderEquality
 FTCH,1/25/2022,22.23999977,10000,222399.9977,0.396825397,GenderEquality
 FTCH,2/16/2022,20.35000038,10000,203500.0038,0.396825397,GenderEquality
 FTCH,3/16/2022,13.67000008,10000,136700.0008,0.396825397,GenderEquality
 FTCH,4/11/2022,14.71000004,10000,147100.0004,0.396825397,GenderEquality
 FTCH,7/15/2022,7.050000191,10000,70500.00191,0.396825397,GenderEquality
 FTCH,8/8/2022,10.02999973,10000,100299.9973,0.396825397,GenderEquality
 FTCH,9/14/2022,11.40999985,10000,114099.9985,0.396825397,GenderEquality
 FTCH,10/19/2022,7.940000057,10000,79400.00057,0.396825397,GenderEquality
 FTCH,11/9/2022,7.78000021,10000,77800.0021,0.396825397,GenderEquality
 FTCH,12/16/2022,4.329999924,10000,43299.99924,0.396825397,GenderEquality
 FTCH,1/27/2023,7.21999979,10000,72199.9979,0.396825397,GenderEquality
 FTCH,2/8/2023,6.5,10000,65000,0.396825397,GenderEquality
 FTCH,3/9/2023,5.079999924,10000,50799.99924,0.396825397,GenderEquality
 CCOZF,4/14/2020,0.280000001,10000,2800.00001,1.19047619,Fossil
 CCOZF,5/19/2020,0.25,10000,2500,1.19047619,Fossil
 CCOZF,6/10/2020,0.289999992,10000,2899.99992,1.19047619,Fossil
 CCOZF,7/16/2020,0.25999999,10000,2599.9999,1.19047619,Fossil
 CCOZF,8/11/2020,0.219999999,10000,2199.99999,1.19047619,Fossil
 CCOZF,9/28/2020,0.25,10000,2500,0.793650794,Fossil
 CCOZF,11/11/2020,0.239999995,10000,2399.99995,0.793650794,Fossil
 CCOZF,1/21/2021,0.330000013,10000,3300.00013,0.793650794,Fossil
 CCOZF,3/3/2021,0.430000007,10000,4300.00007,0.793650794,Fossil
 CCOZF,4/1/2021,0.449999988,10000,4499.99988,0.793650794,Fossil
 CCOZF,5/3/2021,0.5,10000,5000,0.793650794,Fossil
 CCOZF,7/15/2021,0.629999995,10000,6299.99995,0.793650794,Fossil
 CCOZF,8/9/2021,0.569999993,10000,5699.99993,1.19047619,Fossil
 CCOZF,9/2/2021,0.74000001,10000,7400.0001,1.19047619,Fossil
 CCOZF,10/19/2021,0.720000029,10000,7200.00029,1.19047619,Fossil
 CCOZF,12/14/2021,0.560000002,10000,5600.00002,1.19047619,Fossil
 CCOZF,1/25/2022,0.639999986,10000,6399.99986,1.19047619,Fossil
 CCOZF,2/16/2022,0.620000005,10000,6200.00005,1.19047619,Fossil
 CCOZF,3/16/2022,0.560000002,10000,5600.00002,1.19047619,Fossil
 CCOZF,4/11/2022,0.769999981,10000,7699.99981,1.19047619,Fossil
 CCOZF,7/15/2022,0.860000014,10000,8600.00014,1.19047619,Fossil
 CCOZF,8/8/2022,0.790000021,10000,7900.00021,0.793650794,Fossil
 CCOZF,9/14/2022,0.959999979,10000,9599.99979,0.793650794,Fossil
 CCOZF,10/19/2022,0.850000024,10000,8500.00024,0.793650794,Fossil
 CCOZF,11/9/2022,0.850000024,10000,8500.00024,0.793650794,Fossil
 CCOZF,12/16/2022,0.850000024,10000,8500.00024,0.793650794,Fossil
 CCOZF,1/27/2023,0.819999993,10000,8199.99993,0.793650794,Fossil
 CCOZF,2/8/2023,0.800000012,10000,8000.00012,0.793650794,Fossil
 CCOZF,3/9/2023,0.779999971,10000,7799.99971,0.793650794,Fossil
 ED,4/14/2020,89.48999786,10000,894899.9786,0.722222222,"Fossil,GenderEquality"
 ED,5/19/2020,73.08999634,10000,730899.9634,0.722222222,"Fossil,GenderEquality"
 ED,6/10/2020,77.66999817,10000,776699.9817,0.722222222,"Fossil,GenderEquality"
 ED,7/16/2020,72.29000092,10000,722900.0092,0.722222222,"Fossil,GenderEquality"
 ED,8/11/2020,75.41000366,10000,754100.0366,0.722222222,"Fossil,GenderEquality"
 ED,9/28/2020,77.16000366,10000,771600.0366,0.722222222,"Fossil,GenderEquality"
 ED,11/11/2020,82.73000336,10000,827300.0336,0.722222222,"Fossil,GenderEquality"
 ED,1/21/2021,69.90000153,10000,699000.0153,0.722222222,"Fossil,GenderEquality"
 ED,3/3/2021,67.62000275,10000,676200.0275,0.722222222,"Fossil,GenderEquality"
 ED,4/1/2021,74.73999786,10000,747399.9786,0.722222222,"Fossil,GenderEquality"
 ED,5/3/2021,78.66999817,10000,786699.9817,0.722222222,"Fossil,GenderEquality"
 ED,7/15/2021,74.37999725,10000,743799.9725,0.722222222,"Fossil,GenderEquality"
 ED,8/9/2021,76.09999847,10000,760999.9847,0.722222222,"Fossil,GenderEquality"
 ED,9/2/2021,77.12999725,10000,771299.9725,0.722222222,"Fossil,GenderEquality"
 ED,10/19/2021,73.76000214,10000,737600.0214,0.722222222,"Fossil,GenderEquality"
 ED,12/14/2021,83.94000244,10000,839400.0244,0.722222222,"Fossil,GenderEquality"
 ED,1/25/2022,82.70999908,10000,827099.9908,0.722222222,"Fossil,GenderEquality"
 ED,2/16/2022,81.56999969,10000,815699.9969,0.722222222,"Fossil,GenderEquality"
 ED,3/16/2022,90.33999634,10000,903399.9634,0.722222222,"Fossil,GenderEquality"
 ED,4/11/2022,97.84999847,10000,978499.9847,0.722222222,"Fossil,GenderEquality"
 ED,7/15/2022,93.61000061,10000,936100.0061,0.722222222,"Fossil,GenderEquality"
 ED,8/8/2022,99.09999847,10000,990999.9847,0.722222222,"Fossil,GenderEquality"
 ED,9/14/2022,100.7600021,10000,1007600.021,0.722222222,"Fossil,GenderEquality"
 ED,10/19/2022,84.79000092,10000,847900.0092,0.722222222,"Fossil,GenderEquality"
 ED,11/9/2022,89.09999847,10000,890999.9847,0.722222222,"Fossil,GenderEquality"
 ED,12/16/2022,96.66000366,10000,966600.0366,0.722222222,"Fossil,GenderEquality"
 ED,1/27/2023,95.37000275,10000,953700.0275,0.722222222,"Fossil,GenderEquality"
 ED,2/8/2023,92.93000031,10000,929300.0031,0.722222222,"Fossil,GenderEquality"
 ED,3/9/2023,93.06999969,10000,930699.9969,0.722222222,"Fossil,GenderEquality"
 GZPZF,4/14/2020,101.4800034,10000,1014800.034,0.396825397,"Fossil,GenderEquality"
 GZPZF,5/19/2020,101.4800034,10000,1014800.034,0.396825397,"Fossil,GenderEquality"
 GZPZF,6/10/2020,101.4800034,10000,1014800.034,0.396825397,"Fossil,GenderEquality"
 GZPZF,7/16/2020,101.4800034,10000,1014800.034,0.396825397,"Fossil,GenderEquality"
 GZPZF,8/11/2020,85.25,10000,852500,0.396825397,"Fossil,GenderEquality"
 GZPZF,9/28/2020,94.84999847,10000,948499.9847,0.793650794,"Fossil,GenderEquality"
 GZPZF,11/11/2020,94.84999847,10000,948499.9847,0.793650794,"Fossil,GenderEquality"
 GZPZF,1/21/2021,94.84999847,10000,948499.9847,0.793650794,"Fossil,GenderEquality"
 GZPZF,3/3/2021,94.84999847,10000,948499.9847,0.793650794,"Fossil,GenderEquality"
 GZPZF,4/1/2021,94.84999847,10000,948499.9847,0.793650794,"Fossil,GenderEquality"
 GZPZF,5/3/2021,94.84999847,10000,948499.9847,0.793650794,"Fossil,GenderEquality"
 GZPZF,7/15/2021,94.84999847,10000,948499.9847,0.793650794,"Fossil,GenderEquality"
 GZPZF,8/9/2021,94.84999847,10000,948499.9847,0.793650794,"Fossil,GenderEquality"
 GZPZF,9/2/2021,94.84999847,10000,948499.9847,0.793650794,"Fossil,GenderEquality"
 GZPZF,10/19/2021,79,10000,790000,0.793650794,"Fossil,GenderEquality"
 GZPZF,12/14/2021,76.15000153,10000,761500.0153,0.793650794,"Fossil,GenderEquality"
 GZPZF,1/25/2022,76.15000153,10000,761500.0153,0.793650794,"Fossil,GenderEquality"
 GZPZF,2/16/2022,76.15000153,10000,761500.0153,0.793650794,"Fossil,GenderEquality"
 GZPZF,3/16/2022,76.15000153,10000,761500.0153,0.793650794,"Fossil,GenderEquality"
 GZPZF,4/11/2022,76.15000153,10000,761500.0153,0.793650794,"Fossil,GenderEquality"
 GZPZF,7/15/2022,119.25,10000,1192500,0.793650794,"Fossil,GenderEquality"
 GZPZF,8/8/2022,123.5,10000,1235000,0.793650794,"Fossil,GenderEquality"
 GZPZF,9/14/2022,123.5,10000,1235000,0.793650794,"Fossil,GenderEquality"
 GZPZF,10/19/2022,123.5,10000,1235000,0.793650794,"Fossil,GenderEquality"
 GZPZF,11/9/2022,123.5,10000,1235000,0.793650794,"Fossil,GenderEquality"
 GZPZF,12/16/2022,106.4499969,10000,1064499.969,0.793650794,"Fossil,GenderEquality"
 GZPZF,1/27/2023,108.75,10000,1087500,0.793650794,"Fossil,GenderEquality"
 GZPZF,2/8/2023,108.75,10000,1087500,0.793650794,"Fossil,GenderEquality"
 GZPZF,3/9/2023,108.75,10000,1087500,0.793650794,"Fossil,GenderEquality"
IPWLG,4/14/2020,100,10000,1000000,0.361111111,Fossil
IPWLG,5/19/2020,100,10000,1000000,0.361111111,Fossil
IPWLG,6/10/2020,100,10000,1000000,0.361111111,Fossil
IPWLG,7/16/2020,100,10000,1000000,0.361111111,Fossil
IPWLG,8/11/2020,100,10000,1000000,0.361111111,Fossil
IPWLG,9/28/2020,100,10000,1000000,0.361111111,Fossil
IPWLG,11/11/2020,100,10000,1000000,0.361111111,Fossil
IPWLG,1/21/2021,100,10000,1000000,0.361111111,Fossil
IPWLG,3/3/2021,100,10000,1000000,0.361111111,Fossil
IPWLG,4/1/2021,100,10000,1000000,0.361111111,Fossil
IPWLG,5/3/2021,100,10000,1000000,0.361111111,Fossil
IPWLG,7/15/2021,100,10000,1000000,0.361111111,Fossil
IPWLG,8/9/2021,100,10000,1000000,0.361111111,Fossil
IPWLG,9/2/2021,100,10000,1000000,0.361111111,Fossil
IPWLG,10/19/2021,100,10000,1000000,0.722222222,Fossil
IPWLG,12/14/2021,99,10000,990000,0.722222222,Fossil
IPWLG,1/25/2022,99,10000,990000,0.722222222,Fossil
IPWLG,2/16/2022,99,10000,990000,0.722222222,Fossil
IPWLG,3/16/2022,99,10000,990000,0.722222222,Fossil
IPWLG,4/11/2022,99,10000,990000,0.722222222,Fossil
IPWLG,7/15/2022,99,10000,990000,0.722222222,Fossil
IPWLG,8/8/2022,99,10000,990000,0.722222222,Fossil
IPWLG,9/14/2022,99,10000,990000,0.722222222,Fossil
IPWLG,10/19/2022,99,10000,990000,0.722222222,Fossil
IPWLG,11/9/2022,84,10000,840000,0.722222222,Fossil
IPWLG,12/16/2022,84,10000,840000,0.722222222,Fossil
IPWLG,1/27/2023,84,10000,840000,0.722222222,Fossil
IPWLG,2/8/2023,84,10000,840000,0.722222222,Fossil
IPWLG,3/9/2023,84,10000,840000,0.722222222,Fossil
PNMXO,4/14/2020,101.5,10000,1015000,0.361111111,Fossil
PNMXO,5/19/2020,100,10000,1000000,0.361111111,Fossil
PNMXO,6/10/2020,101.8000031,10000,1018000.031,0.361111111,Fossil
PNMXO,7/16/2020,101,10000,1010000,0.361111111,Fossil
PNMXO,8/11/2020,102,10000,1020000,0.361111111,Fossil
PNMXO,9/28/2020,103,10000,1030000,0.361111111,Fossil
PNMXO,11/11/2020,102.25,10000,1022500,0.361111111,Fossil
PNMXO,1/21/2021,102.75,10000,1027500,0.361111111,Fossil
PNMXO,3/3/2021,102.6999969,10000,1026999.969,0.361111111,Fossil
PNMXO,4/1/2021,102.2600021,10000,1022600.021,0.361111111,Fossil
PNMXO,5/3/2021,101.75,10000,1017500,0.361111111,Fossil
PNMXO,7/15/2021,101.3799973,10000,1013799.973,0.361111111,Fossil
PNMXO,8/9/2021,102,10000,1020000,0.361111111,Fossil
PNMXO,9/2/2021,102.5,10000,1025000,0.361111111,Fossil
PNMXO,10/19/2021,102.0999985,10000,1020999.985,0.361111111,Fossil
PNMXO,12/14/2021,101.2099991,10000,1012099.991,0.722222222,Fossil
PNMXO,1/25/2022,103.0400009,10000,1030400.009,0.722222222,Fossil
PNMXO,2/16/2022,101,10000,1010000,0.722222222,Fossil
PNMXO,3/16/2022,101,10000,1010000,0.722222222,Fossil
PNMXO,4/11/2022,98.40000153,10000,984000.0153,0.722222222,Fossil
PNMXO,7/15/2022,94.5,10000,945000,0.722222222,Fossil
PNMXO,8/8/2022,92,10000,920000,0.722222222,Fossil
PNMXO,9/14/2022,94,10000,940000,0.722222222,Fossil
PNMXO,10/19/2022,93,10000,930000,0.722222222,Fossil
PNMXO,11/9/2022,93.98999786,10000,939899.9786,0.722222222,Fossil
PNMXO,12/16/2022,91.5,10000,915000,0.722222222,Fossil
PNMXO,1/27/2023,89,10000,890000,0.361111111,Fossil
PNMXO,2/8/2023,89,10000,890000,0.361111111,Fossil
PNMXO,3/9/2023,85,10000,850000,0.361111111,Fossil
 ORPEF,4/14/2020,103.25,10000,1032500,N/A,
 ORPEF,5/19/2020,106.5,10000,1065000,N/A,
 ORPEF,6/10/2020,110,10000,1100000,N/A,
 ORPEF,7/16/2020,115.5,10000,1155000,N/A,
 ORPEF,8/11/2020,124.2310028,10000,1242310.028,N/A,
 ORPEF,9/28/2020,111.7890015,10000,1117890.015,N/A,
 ORPEF,11/11/2020,107.0390015,10000,1070390.015,N/A,
 ORPEF,1/21/2021,141,10000,1410000,N/A,
 ORPEF,3/3/2021,120.9810028,10000,1209810.028,N/A,
 ORPEF,4/1/2021,116.8769989,10000,1168769.989,N/A,
 ORPEF,5/3/2021,132,10000,1320000,N/A,
 ORPEF,7/15/2021,127.25,10000,1272500,N/A,
 ORPEF,8/9/2021,121.8000031,10000,1218000.031,N/A,
 ORPEF,9/2/2021,130.1799927,10000,1301799.927,N/A,
 ORPEF,10/19/2021,103.3300018,10000,1033300.018,N/A,
 ORPEF,12/14/2021,94.12999725,10000,941299.9725,N/A,
 ORPEF,1/25/2022,64.82499695,10000,648249.9695,N/A,
 ORPEF,2/16/2022,44.11000061,10000,441100.0061,N/A,
 ORPEF,3/16/2022,41.63000107,10000,416300.0107,N/A,
 ORPEF,4/11/2022,40.75,10000,407500,N/A,
 ORPEF,7/15/2022,24.09000015,10000,240900.0015,N/A,
 ORPEF,8/8/2022,24.92499924,10000,249249.9924,N/A,
 ORPEF,9/14/2022,14.35000038,10000,143500.0038,N/A,
 ORPEF,10/19/2022,16.01000023,10000,160100.0023,N/A,
 ORPEF,11/9/2022,9.300000191,10000,93000.00191,N/A,
 ORPEF,12/16/2022,6.300000191,10000,63000.00191,N/A,
 ORPEF,1/27/2023,9.460000038,10000,94600.00038,N/A,
 ORPEF,2/8/2023,2.171999931,10000,21719.99931,N/A,
 ORPEF,3/9/2023,2.799999952,10000,27999.99952,N/A,
AEPT,4/14/2020,0.389999986,10000,3899.99986,N/A,
AEPT,5/19/2020,0.280000001,10000,2800.00001,N/A,
AEPT,6/10/2020,0.579999983,10000,5799.99983,N/A,
AEPT,7/16/2020,0.430000007,10000,4300.00007,N/A,
AEPT,8/11/2020,0.300000012,10000,3000.00012,N/A,
AEPT,9/28/2020,0.270000011,10000,2700.00011,N/A,
AEPT,11/11/2020,0.215000004,10000,2150.00004,N/A,
AEPT,1/21/2021,0.5,10000,5000,N/A,
AEPT,3/3/2021,0.949999988,10000,9499.99988,N/A,
AEPT,4/1/2021,0.240999997,10000,2409.99997,N/A,
AEPT,5/3/2021,0.239899993,10000,2398.99993,N/A,
AEPT,7/15/2021,0.239999995,10000,2399.99995,N/A,
AEPT,8/9/2021,0.219400004,10000,2194.00004,N/A,
AEPT,9/2/2021,0.175249994,10000,1752.49994,N/A,
AEPT,10/19/2021,0.208949998,10000,2089.49998,N/A,
AEPT,12/14/2021,0.079000004,10000,790.00004,N/A,
AEPT,1/25/2022,0.082999997,10000,829.99997,N/A,
AEPT,2/16/2022,0.075000003,10000,750.00003,N/A,
AEPT,3/16/2022,0.1105,10000,1105,N/A,
AEPT,4/11/2022,0.159999996,10000,1599.99996,N/A,
AEPT,7/15/2022,0.111000001,10000,1110.00001,N/A,
AEPT,8/8/2022,0.112000003,10000,1120.00003,N/A,
AEPT,9/14/2022,0.094999999,10000,949.99999,N/A,
AEPT,10/19/2022,0.079999998,10000,799.99998,N/A,
AEPT,11/9/2022,0.082000002,10000,820.00002,N/A,
AEPT,12/16/2022,0.085000001,10000,850.00001,N/A,
AEPT,1/27/2023,0.085550003,10000,855.50003,N/A,
AEPT,2/8/2023,0.063100003,10000,631.00003,N/A,
AEPT,3/9/2023,0.066,10000,660,N/A,
 GNE,4/14/2020,8.090000153,10000,80900.00153,0.361111111,Fossil
 GNE,5/19/2020,8.229999542,10000,82299.99542,0.361111111,Fossil
 GNE,6/10/2020,8.010000229,10000,80100.00229,0.361111111,Fossil
 GNE,7/16/2020,8.229999542,10000,82299.99542,0.361111111,Fossil
 GNE,8/11/2020,9.399999619,10000,93999.99619,0.361111111,Fossil
 GNE,9/28/2020,8.279999733,10000,82799.99733,0.361111111,Fossil
 GNE,11/11/2020,9.489999771,10000,94899.99771,0.361111111,Fossil
 GNE,1/21/2021,7.800000191,10000,78000.00191,0.361111111,Fossil
 GNE,3/3/2021,7.929999828,10000,79299.99828,0.361111111,Fossil
 GNE,4/1/2021,6.659999847,10000,66599.99847,0.361111111,Fossil
 GNE,5/3/2021,5.860000134,10000,58600.00134,0.361111111,Fossil
 GNE,7/15/2021,5.809999943,10000,58099.99943,0.361111111,Fossil
 GNE,8/9/2021,6.170000076,10000,61700.00076,0.361111111,Fossil
 GNE,9/2/2021,6.699999809,10000,66999.99809,0.361111111,Fossil
 GNE,10/19/2021,5.889999866,10000,58899.99866,0.361111111,Fossil
 GNE,12/14/2021,5.329999924,10000,53299.99924,0.361111111,Fossil
 GNE,1/25/2022,5.139999866,10000,51399.99866,0.361111111,Fossil
 GNE,2/16/2022,6.289999962,10000,62899.99962,0.361111111,Fossil
 GNE,3/16/2022,6.880000114,10000,68800.00114,0.361111111,Fossil
 GNE,4/11/2022,6.849999905,10000,68499.99905,0.361111111,Fossil
 GNE,7/15/2022,9.130000114,10000,91300.00114,0.361111111,Fossil
 GNE,8/8/2022,10.18000031,10000,101800.0031,0.361111111,Fossil
 GNE,9/14/2022,9.859999657,10000,98599.99657,0.361111111,Fossil
 GNE,10/19/2022,9.079999924,10000,90799.99924,0.361111111,Fossil
 GNE,11/9/2022,9.829999924,10000,98299.99924,0.361111111,Fossil
 GNE,12/16/2022,10.5,10000,105000,0.361111111,Fossil
 GNE,1/27/2023,10.5,10000,105000,0.361111111,Fossil
 GNE,2/8/2023,12.60999966,10000,126099.9966,0.361111111,Fossil
 GNE,3/9/2023,12.14000034,10000,121400.0034,0.361111111,Fossil
 BROG,4/14/2020,11.69999981,10000,116999.9981,0,Fossil
 BROG,5/19/2020,11,10000,110000,0,Fossil
 BROG,6/10/2020,11.05000019,10000,110500.0019,0,Fossil
 BROG,7/16/2020,10.44999981,10000,104499.9981,0,Fossil
 BROG,8/11/2020,9.892000198,10000,98920.00198,0.396825397,Fossil
 BROG,9/28/2020,10.02999973,10000,100299.9973,0.396825397,Fossil
 BROG,11/11/2020,9.640000343,10000,96400.00343,0.396825397,Fossil
 BROG,1/21/2021,11.14999962,10000,111499.9962,0.396825397,Fossil
 BROG,3/3/2021,10.11999989,10000,101199.9989,0.396825397,Fossil
 BROG,4/1/2021,10.11999989,10000,101199.9989,0.396825397,Fossil
 BROG,5/3/2021,9.239999771,10000,92399.99771,0.396825397,Fossil
 BROG,7/15/2021,8.800000191,10000,88000.00191,0.396825397,Fossil
 BROG,8/9/2021,8.760000229,10000,87600.00229,0.396825397,Fossil
 BROG,9/2/2021,8.699999809,10000,86999.99809,0.396825397,Fossil
 BROG,10/19/2021,9.361000061,10000,93610.00061,0.396825397,Fossil
 BROG,12/14/2021,9,10000,90000,0.396825397,Fossil
 BROG,1/25/2022,8.5,10000,85000,0.396825397,Fossil
 BROG,2/16/2022,7.289999962,10000,72899.99962,0.396825397,Fossil
 BROG,3/16/2022,8.279999733,10000,82799.99733,0.396825397,Fossil
 BROG,4/11/2022,7.980000019,10000,79800.00019,0.396825397,Fossil
 BROG,7/15/2022,7.300000191,10000,73000.00191,0.396825397,Fossil
 BROG,8/8/2022,7.489999771,10000,74899.99771,0.396825397,Fossil
 BROG,9/14/2022,8.529999733,10000,85299.99733,0.396825397,Fossil
 BROG,10/19/2022,7.650000095,10000,76500.00095,0.396825397,Fossil
 BROG,11/9/2022,8.029999733,10000,80299.99733,0.396825397,Fossil
 BROG,12/16/2022,5.679999828,10000,56799.99828,0.396825397,Fossil
 BROG,1/27/2023,6,10000,60000,0.396825397,Fossil
 BROG,2/8/2023,6,10000,60000,0.396825397,Fossil
 BROG,3/9/2023,5.579999924,10000,55799.99924,0.396825397,Fossil
 CMCLF,4/14/2020,0.300000012,10000,3000.00012,N/A,
 CMCLF,5/19/2020,0.310000002,10000,3100.00002,N/A,
 CMCLF,6/10/2020,0.340000004,10000,3400.00004,N/A,
 CMCLF,7/16/2020,0.409999996,10000,4099.99996,N/A,
 CMCLF,8/11/2020,0.419999987,10000,4199.99987,N/A,
 CMCLF,9/28/2020,0.360000014,10000,3600.00014,N/A,
 CMCLF,11/11/2020,0.419999987,10000,4199.99987,N/A,
 CMCLF,1/21/2021,0.790000021,10000,7900.00021,N/A,
 CMCLF,3/3/2021,0.819999993,10000,8199.99993,N/A,
 CMCLF,4/1/2021,0.670000017,10000,6700.00017,N/A,
 CMCLF,5/3/2021,0.670000017,10000,6700.00017,N/A,
 CMCLF,7/15/2021,0.699999988,10000,6999.99988,N/A,
 CMCLF,8/9/2021,0.75,10000,7500,N/A,
 CMCLF,9/2/2021,0.74000001,10000,7400.0001,N/A,
 CMCLF,10/19/2021,0.699999988,10000,6999.99988,N/A,
 CMCLF,12/14/2021,0.560000002,10000,5600.00002,N/A,
 CMCLF,1/25/2022,0.529999971,10000,5299.99971,N/A,
 CMCLF,2/16/2022,0.579999983,10000,5799.99983,N/A,
 CMCLF,3/16/2022,0.469999999,10000,4699.99999,N/A,
 CMCLF,4/11/2022,0.50999999,10000,5099.9999,N/A,
 CMCLF,7/15/2022,0.479999989,10000,4799.99989,N/A,
 CMCLF,8/8/2022,0.479999989,10000,4799.99989,N/A,
 CMCLF,9/14/2022,0.449999988,10000,4499.99988,N/A,
 CMCLF,10/19/2022,0.349999994,10000,3499.99994,N/A,
 CMCLF,11/9/2022,0.379999995,10000,3799.99995,N/A,
 CMCLF,12/16/2022,0.49000001,10000,4900.0001,N/A,
 CMCLF,1/27/2023,0.550000012,10000,5500.00012,N/A,
 CMCLF,2/8/2023,0.600000024,10000,6000.00024,N/A,
 CMCLF,3/9/2023,0.569999993,10000,5699.99993,N/A,
 CHKGF,4/14/2020,6.321000099,10000,63210.00099,0.396825397,GenderEquality
 CHKGF,5/19/2020,6.159999847,10000,61599.99847,0.396825397,GenderEquality
 CHKGF,6/10/2020,6.300000191,10000,63000.00191,0.396825397,GenderEquality
 CHKGF,7/16/2020,5.949999809,10000,59499.99809,0.396825397,GenderEquality
 CHKGF,8/11/2020,5.25,10000,52500,0.396825397,GenderEquality
 CHKGF,9/28/2020,5.039999962,10000,50399.99962,0.396825397,GenderEquality
 CHKGF,11/11/2020,5.5,10000,55000,0.396825397,GenderEquality
 CHKGF,1/21/2021,5.329999924,10000,53299.99924,0.396825397,GenderEquality
 CHKGF,3/3/2021,5.929999828,10000,59299.99828,0.396825397,GenderEquality
 CHKGF,4/1/2021,6.175000191,10000,61750.00191,0.396825397,GenderEquality
 CHKGF,5/3/2021,6.260000229,10000,62600.00229,0.396825397,GenderEquality
 CHKGF,7/15/2021,7,10000,70000,0.396825397,GenderEquality
 CHKGF,8/9/2021,6.880000114,10000,68800.00114,0.396825397,GenderEquality
 CHKGF,9/2/2021,6.650000095,10000,66500.00095,0.396825397,GenderEquality
 CHKGF,10/19/2021,5.81099987,10000,58109.9987,0.396825397,GenderEquality
 CHKGF,12/14/2021,5.664999962,10000,56649.99962,0.396825397,GenderEquality
 CHKGF,1/25/2022,6.999000072,10000,69990.00072,0.396825397,GenderEquality
 CHKGF,2/16/2022,6.989999771,10000,69899.99771,0.396825397,GenderEquality
 CHKGF,3/16/2022,6.449999809,10000,64499.99809,0.396825397,GenderEquality
 CHKGF,4/11/2022,6.881000042,10000,68810.00042,0.396825397,GenderEquality
 CHKGF,7/15/2022,7.249000072,10000,72490.00072,0.396825397,GenderEquality
 CHKGF,8/8/2022,6.739999771,10000,67399.99771,0.396825397,GenderEquality
 CHKGF,9/14/2022,6.675000191,10000,66750.00191,0.396825397,GenderEquality
 CHKGF,10/19/2022,5.630000114,10000,56300.00114,0.396825397,GenderEquality
 CHKGF,11/9/2022,5.78000021,10000,57800.0021,0.396825397,GenderEquality
 CHKGF,12/16/2022,5.815000057,10000,58150.00057,0.396825397,GenderEquality
 CHKGF,1/27/2023,6.300000191,10000,63000.00191,0.396825397,GenderEquality
 CHKGF,2/8/2023,6.269999981,10000,62699.99981,0.396825397,GenderEquality
 CHKGF,3/9/2023,6.269999981,10000,62699.99981,0.396825397,GenderEquality
 UGI,4/14/2020,30,10000,300000,0.722222222,"Fossil,GenderEquality"
 UGI,5/19/2020,31.51000023,10000,315100.0023,0.722222222,"Fossil,GenderEquality"
 UGI,6/10/2020,35.36999893,10000,353699.9893,0.722222222,"Fossil,GenderEquality"
 UGI,7/16/2020,33.22000122,10000,332200.0122,0.722222222,"Fossil,GenderEquality"
 UGI,8/11/2020,36.41999817,10000,364199.9817,0.722222222,"Fossil,GenderEquality"
 UGI,9/28/2020,33.20000076,10000,332000.0076,0.722222222,"Fossil,GenderEquality"
 UGI,11/11/2020,37.22000122,10000,372200.0122,0.722222222,"Fossil,GenderEquality"
 UGI,1/21/2021,37.47999954,10000,374799.9954,0.722222222,"Fossil,GenderEquality"
 UGI,3/3/2021,39.58000183,10000,395800.0183,0.722222222,"Fossil,GenderEquality"
 UGI,4/1/2021,41.25,10000,412500,0.722222222,"Fossil,GenderEquality"
 UGI,5/3/2021,44.77999878,10000,447799.9878,0.722222222,"Fossil,GenderEquality"
 UGI,7/15/2021,46.40999985,10000,464099.9985,0.722222222,"Fossil,GenderEquality"
 UGI,8/9/2021,47.27999878,10000,472799.9878,0.722222222,"Fossil,GenderEquality"
 UGI,9/2/2021,47.20999908,10000,472099.9908,0.722222222,"Fossil,GenderEquality"
 UGI,10/19/2021,44.68000031,10000,446800.0031,0.722222222,"Fossil,GenderEquality"
 UGI,12/14/2021,45.41999817,10000,454199.9817,0.722222222,"Fossil,GenderEquality"
 UGI,1/25/2022,44.77999878,10000,447799.9878,0.722222222,"Fossil,GenderEquality"
 UGI,2/16/2022,38.47000122,10000,384700.0122,0.722222222,"Fossil,GenderEquality"
 UGI,3/16/2022,36.52999878,10000,365299.9878,0.722222222,"Fossil,GenderEquality"
 UGI,4/11/2022,36.70000076,10000,367000.0076,0.722222222,"Fossil,GenderEquality"
 UGI,7/15/2022,40.66999817,10000,406699.9817,0.722222222,"Fossil,GenderEquality"
 UGI,8/8/2022,40.75999832,10000,407599.9832,0.722222222,"Fossil,GenderEquality"
 UGI,9/14/2022,38.49000168,10000,384900.0168,0.722222222,"Fossil,GenderEquality"
 UGI,10/19/2022,33.33000183,10000,333300.0183,0.722222222,"Fossil,GenderEquality"
 UGI,11/9/2022,35.84000015,10000,358400.0015,0.722222222,"Fossil,GenderEquality"
 UGI,12/16/2022,37.72999954,10000,377299.9954,0.722222222,"Fossil,GenderEquality"
 UGI,1/27/2023,40.08000183,10000,400800.0183,0.722222222,"Fossil,GenderEquality"
 UGI,2/8/2023,40.36999893,10000,403699.9893,0.722222222,"Fossil,GenderEquality"
 UGI,3/9/2023,37.02000046,10000,370200.0046,0.722222222,"Fossil,GenderEquality"
 BIDU,4/14/2020,103.1100006,10000,1031100.006,N/A,
 BIDU,5/19/2020,120.8499985,10000,1208499.985,N/A,
 BIDU,6/10/2020,118.6299973,10000,1186299.973,N/A,
 BIDU,7/16/2020,123.5999985,10000,1235999.985,N/A,
 BIDU,8/11/2020,127.7900009,10000,1277900.009,N/A,
 BIDU,9/28/2020,126.1200027,10000,1261200.027,N/A,
 BIDU,11/11/2020,143.4400024,10000,1434400.024,N/A,
 BIDU,1/21/2021,263.9400024,10000,2639400.024,N/A,
 BIDU,3/3/2021,311.1799927,10000,3111799.927,N/A,
 BIDU,4/1/2021,227.3899994,10000,2273899.994,N/A,
 BIDU,5/3/2021,212.7100067,10000,2127100.067,N/A,
 BIDU,7/15/2021,186.2899933,10000,1862899.933,N/A,
 BIDU,8/9/2021,167.5599976,10000,1675599.976,N/A,
 BIDU,9/2/2021,166.3800049,10000,1663800.049,N/A,
 BIDU,10/19/2021,179.1100006,10000,1791100.006,N/A,
 BIDU,12/14/2021,145.3699951,10000,1453699.951,N/A,
 BIDU,1/25/2022,153.4100037,10000,1534100.037,N/A,
 BIDU,2/16/2022,168.4799957,10000,1684799.957,N/A,
 BIDU,3/16/2022,151.4400024,10000,1514400.024,N/A,
 BIDU,4/11/2022,136.1699982,10000,1361699.982,N/A,
 BIDU,7/15/2022,141.25,10000,1412500,N/A,
 BIDU,8/8/2022,139.1499939,10000,1391499.939,N/A,
 BIDU,9/14/2022,132.0599976,10000,1320599.976,N/A,
 BIDU,10/19/2022,100.8000031,10000,1008000.031,N/A,
 BIDU,11/9/2022,81.40000153,10000,814000.0153,N/A,
 BIDU,12/16/2022,115.8799973,10000,1158799.973,N/A,
 BIDU,1/27/2023,140,10000,1400000,N/A,
 BIDU,2/8/2023,157.25,10000,1572500,N/A,
 BIDU,3/9/2023,139.6900024,10000,1396900.024,N/A,
 LMPMF,4/14/2020,0.829999983,10000,8299.99983,0.396825397,GenderEquality
 LMPMF,5/19/2020,0.829999983,10000,8299.99983,0.396825397,GenderEquality
 LMPMF,6/10/2020,0.829999983,10000,8299.99983,0.396825397,GenderEquality
 LMPMF,7/16/2020,0.829999983,10000,8299.99983,0.396825397,GenderEquality
 LMPMF,8/11/2020,0.829999983,10000,8299.99983,0.396825397,GenderEquality
 LMPMF,9/28/2020,0.529999971,10000,5299.99971,0.396825397,GenderEquality
 LMPMF,11/11/2020,0.529999971,10000,5299.99971,0.396825397,GenderEquality
 LMPMF,1/21/2021,0.74000001,10000,7400.0001,0.396825397,GenderEquality
 LMPMF,3/3/2021,0.74000001,10000,7400.0001,0.396825397,GenderEquality
 LMPMF,4/1/2021,0.74000001,10000,7400.0001,0.396825397,GenderEquality
 LMPMF,5/3/2021,0.74000001,10000,7400.0001,0.396825397,GenderEquality
 LMPMF,7/15/2021,0.74000001,10000,7400.0001,0.396825397,GenderEquality
 LMPMF,8/9/2021,0.74000001,10000,7400.0001,0.396825397,GenderEquality
 LMPMF,9/2/2021,0.74000001,10000,7400.0001,0.396825397,GenderEquality
 LMPMF,10/19/2021,0.74000001,10000,7400.0001,0.396825397,GenderEquality
 LMPMF,12/14/2021,0.699999988,10000,6999.99988,0.396825397,GenderEquality
 LMPMF,1/25/2022,0.699999988,10000,6999.99988,0.396825397,GenderEquality
 LMPMF,2/16/2022,0.680000007,10000,6800.00007,0.396825397,GenderEquality
 LMPMF,3/16/2022,0.730000019,10000,7300.00019,0.396825397,GenderEquality
 LMPMF,4/11/2022,0.49000001,10000,4900.0001,0.396825397,GenderEquality
 LMPMF,7/15/2022,0.379999995,10000,3799.99995,0.396825397,GenderEquality
 LMPMF,8/8/2022,0.379999995,10000,3799.99995,0.396825397,GenderEquality
 LMPMF,9/14/2022,0.379999995,10000,3799.99995,0.396825397,GenderEquality
 LMPMF,10/19/2022,0.379999995,10000,3799.99995,0.396825397,GenderEquality
 LMPMF,11/9/2022,0.370000005,10000,3700.00005,0.396825397,GenderEquality
 LMPMF,12/16/2022,0.370000005,10000,3700.00005,0.396825397,GenderEquality
 LMPMF,1/27/2023,0.370000005,10000,3700.00005,0.396825397,GenderEquality
 LMPMF,2/8/2023,0.370000005,10000,3700.00005,0.396825397,GenderEquality
 LMPMF,3/9/2023,0.370000005,10000,3700.00005,0.396825397,GenderEquality
 TFI,4/14/2020,50.95999908,10000,509599.9908,0.396825397,GenderEquality
 TFI,5/19/2020,51.25,10000,512500,0.396825397,GenderEquality
 TFI,6/10/2020,51.70999908,10000,517099.9908,0.396825397,GenderEquality
 TFI,7/16/2020,52.13000107,10000,521300.0107,0.396825397,GenderEquality
 TFI,8/11/2020,52.70999908,10000,527099.9908,0.396825397,GenderEquality
 TFI,9/28/2020,52.04999924,10000,520499.9924,0.396825397,GenderEquality
 TFI,11/11/2020,51.97999954,10000,519799.9954,0.396825397,GenderEquality
 TFI,1/21/2021,52.38999939,10000,523899.9939,0.396825397,GenderEquality
 TFI,3/3/2021,51.43999863,10000,514399.9863,0.396825397,GenderEquality
 TFI,4/1/2021,51.65999985,10000,516599.9985,0.396825397,GenderEquality
 TFI,5/3/2021,51.97999954,10000,519799.9954,0.396825397,GenderEquality
 TFI,7/15/2021,52.47999954,10000,524799.9954,0.396825397,GenderEquality
 TFI,8/9/2021,52.25999832,10000,522599.9832,0.396825397,GenderEquality
 TFI,9/2/2021,52.04000092,10000,520400.0092,0.396825397,GenderEquality
 TFI,10/19/2021,51.47000122,10000,514700.0122,0.396825397,GenderEquality
 TFI,12/14/2021,51.81999969,10000,518199.9969,0.396825397,GenderEquality
 TFI,1/25/2022,50.86000061,10000,508600.0061,0.396825397,GenderEquality
 TFI,2/16/2022,49.65999985,10000,496599.9985,0.396825397,GenderEquality
 TFI,3/16/2022,48.59000015,10000,485900.0015,0.396825397,GenderEquality
 TFI,4/11/2022,47.38000107,10000,473800.0107,0.396825397,GenderEquality
 TFI,7/15/2022,46.61000061,10000,466100.0061,0.396825397,GenderEquality
 TFI,8/8/2022,47.09000015,10000,470900.0015,0.396825397,GenderEquality
 TFI,9/14/2022,45.18999863,10000,451899.9863,0.396825397,GenderEquality
 TFI,10/19/2022,44.41999817,10000,444199.9817,0.396825397,GenderEquality
 TFI,11/9/2022,43.97999954,10000,439799.9954,0.396825397,GenderEquality
 TFI,12/16/2022,46.24000168,10000,462400.0168,0.396825397,GenderEquality
 TFI,1/27/2023,47.06999969,10000,470699.9969,0.396825397,GenderEquality
 TFI,2/8/2023,46.81000137,10000,468100.0137,0.396825397,GenderEquality
 TFI,3/9/2023,45.68000031,10000,456800.0031,0.396825397,GenderEquality
 GRSXY,4/14/2020,14,10000,140000,N/A,
 GRSXY,5/19/2020,14,10000,140000,N/A,
 GRSXY,6/10/2020,14,10000,140000,N/A,
 GRSXY,7/16/2020,14,10000,140000,N/A,
 GRSXY,8/11/2020,14,10000,140000,N/A,
 GRSXY,9/28/2020,14,10000,140000,N/A,
 GRSXY,11/11/2020,14,10000,140000,N/A,
 GRSXY,1/21/2021,14,10000,140000,N/A,
 GRSXY,3/3/2021,14,10000,140000,N/A,
 GRSXY,4/1/2021,14,10000,140000,N/A,
 GRSXY,5/3/2021,14,10000,140000,N/A,
 GRSXY,7/15/2021,14,10000,140000,N/A,
 GRSXY,8/9/2021,14,10000,140000,N/A,
 GRSXY,9/2/2021,14,10000,140000,N/A,
 GRSXY,10/19/2021,14,10000,140000,N/A,
 GRSXY,12/14/2021,14,10000,140000,N/A,
 GRSXY,1/25/2022,19.61000061,10000,196100.0061,N/A,
 GRSXY,2/16/2022,19.61000061,10000,196100.0061,N/A,
 GRSXY,3/16/2022,19.61000061,10000,196100.0061,N/A,
 GRSXY,4/11/2022,19.61000061,10000,196100.0061,N/A,
 GRSXY,7/15/2022,19.61000061,10000,196100.0061,N/A,
 GRSXY,8/8/2022,19.61000061,10000,196100.0061,N/A,
 GRSXY,9/14/2022,19.61000061,10000,196100.0061,N/A,
 GRSXY,10/19/2022,19.61000061,10000,196100.0061,N/A,
 GRSXY,11/9/2022,19.61000061,10000,196100.0061,N/A,
 GRSXY,12/16/2022,19.61000061,10000,196100.0061,N/A,
 GRSXY,1/27/2023,19.61000061,10000,196100.0061,N/A,
 GRSXY,2/8/2023,19.61000061,10000,196100.0061,N/A,
 GRSXY,3/9/2023,19.61000061,10000,196100.0061,N/A,
 CODGF,4/14/2020,26.60000038,10000,266000.0038,1.984126984,"Deforestation,GenderEquality"
 CODGF,5/19/2020,27.11000061,10000,271100.0061,1.984126984,"Deforestation,GenderEquality"
 CODGF,6/10/2020,35.29999924,10000,352999.9924,1.984126984,"Deforestation,GenderEquality"
 CODGF,7/16/2020,37.20000076,10000,372000.0076,1.984126984,"Deforestation,GenderEquality"
 CODGF,8/11/2020,40.27000046,10000,402700.0046,1.984126984,"Deforestation,GenderEquality"
 CODGF,9/28/2020,40.45000076,10000,404500.0076,1.984126984,"Deforestation,GenderEquality"
 CODGF,11/11/2020,45.74000168,10000,457400.0168,1.984126984,"Deforestation,GenderEquality"
 CODGF,1/21/2021,51.75999832,10000,517599.9832,1.984126984,"Deforestation,GenderEquality"
 CODGF,3/3/2021,55,10000,550000,1.984126984,"Deforestation,GenderEquality"
 CODGF,4/1/2021,59.99000168,10000,599900.0168,1.984126984,"Deforestation,GenderEquality"
 CODGF,5/3/2021,63.68999863,10000,636899.9863,1.984126984,"Deforestation,GenderEquality"
 CODGF,7/15/2021,68.83000183,10000,688300.0183,1.984126984,"Deforestation,GenderEquality"
 CODGF,8/9/2021,75.25,10000,752500,1.984126984,"Deforestation,GenderEquality"
 CODGF,9/2/2021,71.61000061,10000,716100.0061,1.984126984,"Deforestation,GenderEquality"
 CODGF,10/19/2021,70.81999969,10000,708199.9969,1.984126984,"Deforestation,GenderEquality"
 CODGF,12/14/2021,67.73000336,10000,677300.0336,1.984126984,"Deforestation,GenderEquality"
 CODGF,1/25/2022,66.44999695,10000,664499.9695,1.984126984,"Deforestation,GenderEquality"
 CODGF,2/16/2022,71.25,10000,712500,1.984126984,"Deforestation,GenderEquality"
 CODGF,3/16/2022,65,10000,650000,1.587301587,"Deforestation,GenderEquality"
 CODGF,4/11/2022,55.08000183,10000,550800.0183,1.587301587,"Deforestation,GenderEquality"
 CODGF,7/15/2022,41.84999847,10000,418499.9847,1.587301587,"Deforestation,GenderEquality"
 CODGF,8/8/2022,47.20000076,10000,472000.0076,1.587301587,"Deforestation,GenderEquality"
 CODGF,9/14/2022,41.15000153,10000,411500.0153,1.587301587,"Deforestation,GenderEquality"
 CODGF,10/19/2022,38.29999924,10000,382999.9924,1.587301587,"Deforestation,GenderEquality"
 CODGF,11/9/2022,41.16999817,10000,411699.9817,1.587301587,"Deforestation,GenderEquality"
 CODGF,12/16/2022,48.31000137,10000,483100.0137,1.587301587,"Deforestation,GenderEquality"
 CODGF,1/27/2023,58.33000183,10000,583300.0183,1.587301587,"Deforestation,GenderEquality"
 CODGF,2/8/2023,56.09999847,10000,560999.9847,1.587301587,"Deforestation,GenderEquality"
 CODGF,3/9/2023,61.31999969,10000,613199.9969,1.587301587,"Deforestation,GenderEquality"
 GSEFF,4/14/2020,56.84967041,10000,568496.7041,0,GenderEquality
 GSEFF,5/19/2020,54.80384827,10000,548038.4827,0,GenderEquality
 GSEFF,6/10/2020,77.09149933,10000,770914.9933,0,GenderEquality
 GSEFF,7/16/2020,77,10000,770000,0,GenderEquality
 GSEFF,8/11/2020,75.63700104,10000,756370.0104,0,GenderEquality
 GSEFF,9/28/2020,65.30570221,10000,653057.0221,0,GenderEquality
 GSEFF,11/11/2020,63.07540131,10000,630754.0131,0,GenderEquality
 GSEFF,1/21/2021,89.44999695,10000,894499.9695,0,GenderEquality
 GSEFF,3/3/2021,78.78600311,10000,787860.0311,0,GenderEquality
 GSEFF,4/1/2021,78.78600311,10000,787860.0311,0,GenderEquality
 GSEFF,5/3/2021,91.30000305,10000,913000.0305,0,GenderEquality
 GSEFF,7/15/2021,91.25,10000,912500,0,GenderEquality
 GSEFF,8/9/2021,91.25,10000,912500,0,GenderEquality
 GSEFF,9/2/2021,91.25,10000,912500,0,GenderEquality
 GSEFF,10/19/2021,85.23999786,10000,852399.9786,0,GenderEquality
 GSEFF,12/14/2021,80.66734314,10000,806673.4314,0,GenderEquality
 GSEFF,1/25/2022,77.09290314,10000,770929.0314,0,GenderEquality
 GSEFF,2/16/2022,77.09290314,10000,770929.0314,0,GenderEquality
 GSEFF,3/16/2022,77.09290314,10000,770929.0314,0.396825397,GenderEquality
 GSEFF,4/11/2022,80.24555206,10000,802455.5206,0.396825397,GenderEquality
 GSEFF,7/15/2022,54.73096085,10000,547309.6085,0.396825397,GenderEquality
 GSEFF,8/8/2022,63.07500076,10000,630750.0076,0.396825397,GenderEquality
 GSEFF,9/14/2022,53.40000153,10000,534000.0153,0.396825397,GenderEquality
 GSEFF,10/19/2022,48.79999924,10000,487999.9924,0.396825397,GenderEquality
 GSEFF,11/9/2022,55.25,10000,552500,0.396825397,GenderEquality
 GSEFF,12/16/2022,60.45000076,10000,604500.0076,0.396825397,GenderEquality
 GSEFF,1/27/2023,65.05000305,10000,650500.0305,0.396825397,GenderEquality
 GSEFF,2/8/2023,65.05000305,10000,650500.0305,0.396825397,GenderEquality
 GSEFF,3/9/2023,65.05000305,10000,650500.0305,0.396825397,GenderEquality
 SE,4/14/2020,50.65000153,10000,506500.0153,0,GenderEquality
 SE,5/19/2020,72.80000305,10000,728000.0305,0,GenderEquality
 SE,6/10/2020,92.93000031,10000,929300.0031,0,GenderEquality
 SE,7/16/2020,110.4899979,10000,1104899.979,0,GenderEquality
 SE,8/11/2020,127.7900009,10000,1277900.009,0,GenderEquality
 SE,9/28/2020,162,10000,1620000,0,GenderEquality
 SE,11/11/2020,171.6900024,10000,1716900.024,0,GenderEquality
 SE,1/21/2021,237,10000,2370000,0,GenderEquality
 SE,3/3/2021,260.4100037,10000,2604100.037,0,GenderEquality
 SE,4/1/2021,240,10000,2400000,0,GenderEquality
 SE,5/3/2021,259.7099915,10000,2597099.915,0.396825397,GenderEquality
 SE,7/15/2021,276.8399963,10000,2768399.963,0.396825397,GenderEquality
 SE,8/9/2021,311.4299927,10000,3114299.927,0.396825397,GenderEquality
 SE,9/2/2021,343.9899902,10000,3439899.902,0.396825397,GenderEquality
 SE,10/19/2021,372.7000122,10000,3727000.122,0.396825397,GenderEquality
 SE,12/14/2021,226.2899933,10000,2262899.933,0.396825397,GenderEquality
 SE,1/25/2022,149.3399963,10000,1493399.963,0.396825397,GenderEquality
 SE,2/16/2022,146.9799957,10000,1469799.957,0.396825397,GenderEquality
 SE,3/16/2022,112.1500015,10000,1121500.015,0.396825397,GenderEquality
 SE,4/11/2022,115.3700027,10000,1153700.027,0.396825397,GenderEquality
 SE,7/15/2022,69.33000183,10000,693300.0183,0.396825397,GenderEquality
 SE,8/8/2022,89.62999725,10000,896299.9725,0.396825397,GenderEquality
 SE,9/14/2022,62.91999817,10000,629199.9817,0.396825397,GenderEquality
 SE,10/19/2022,52.43000031,10000,524300.0031,0.396825397,GenderEquality
 SE,11/9/2022,45.72999954,10000,457299.9954,0.396825397,GenderEquality
 SE,12/16/2022,60.11000061,10000,601100.0061,0.396825397,GenderEquality
 SE,1/27/2023,69.41000366,10000,694100.0366,0.396825397,GenderEquality
 SE,2/8/2023,69.65000153,10000,696500.0153,0.396825397,GenderEquality
 SE,3/9/2023,80.87999725,10000,808799.9725,0.396825397,GenderEquality
 DASTF,4/14/2020,142.7649994,10000,1427649.994,0.793650794,"Fossil,GenderEquality"
 DASTF,5/19/2020,152.25,10000,1522500,0.793650794,"Fossil,GenderEquality"
 DASTF,6/10/2020,172.25,10000,1722500,0.793650794,"Fossil,GenderEquality"
 DASTF,7/16/2020,173.1499939,10000,1731499.939,0.793650794,"Fossil,GenderEquality"
 DASTF,8/11/2020,178,10000,1780000,0.793650794,"Fossil,GenderEquality"
 DASTF,9/28/2020,188.6499939,10000,1886499.939,0.793650794,"Fossil,GenderEquality"
 DASTF,11/11/2020,182.6499939,10000,1826499.939,0.793650794,"Fossil,GenderEquality"
 DASTF,1/21/2021,201.75,10000,2017500,0.793650794,"Fossil,GenderEquality"
 DASTF,3/3/2021,212.2100067,10000,2122100.067,0.793650794,"Fossil,GenderEquality"
 DASTF,4/1/2021,211.9799957,10000,2119799.957,0.793650794,"Fossil,GenderEquality"
 DASTF,5/3/2021,234.0800018,10000,2340800.018,0.793650794,"Fossil,GenderEquality"
 DASTF,7/15/2021,51.5,10000,515000,0.793650794,"Fossil,GenderEquality"
 DASTF,8/9/2021,56.45000076,10000,564500.0076,0.793650794,"Fossil,GenderEquality"
 DASTF,9/2/2021,59.38000107,10000,593800.0107,0.793650794,"Fossil,GenderEquality"
 DASTF,10/19/2021,53.94599915,10000,539459.9915,0.793650794,"Fossil,GenderEquality"
 DASTF,12/14/2021,58.02500153,10000,580250.0153,0.793650794,"Fossil,GenderEquality"
 DASTF,1/25/2022,48.05500031,10000,480550.0031,0.793650794,"Fossil,GenderEquality"
 DASTF,2/16/2022,47.74900055,10000,477490.0055,0.793650794,"Fossil,GenderEquality"
 DASTF,3/16/2022,49.04600143,10000,490460.0143,0.793650794,"Fossil,GenderEquality"
 DASTF,4/11/2022,44.97000122,10000,449700.0122,0.793650794,"Fossil,GenderEquality"
 DASTF,7/15/2022,38.58300018,10000,385830.0018,0.793650794,"Fossil,GenderEquality"
 DASTF,8/8/2022,44.48799896,10000,444879.9896,0.793650794,"Fossil,GenderEquality"
 DASTF,9/14/2022,37.84000015,10000,378400.0015,0.793650794,"Fossil,GenderEquality"
 DASTF,10/19/2022,34.79999924,10000,347999.9924,0.793650794,"Fossil,GenderEquality"
 DASTF,11/9/2022,34.43999863,10000,344399.9863,0.793650794,"Fossil,GenderEquality"
 DASTF,12/16/2022,36.32799911,10000,363279.9911,0.793650794,"Fossil,GenderEquality"
 DASTF,1/27/2023,36.77999878,10000,367799.9878,0.793650794,"Fossil,GenderEquality"
 DASTF,2/8/2023,41.27099991,10000,412709.9991,0.793650794,"Fossil,GenderEquality"
 DASTF,3/9/2023,39.22499847,10000,392249.9847,0.793650794,"Fossil,GenderEquality"
